sku,full_cluster,subsample_appearances,same_cluster_count,assignment_stability
LTKF0022,2,396,175,0.44191919191919193
HWZDSKL0002,2,389,179,0.4601542416452442
XYMGPD0002,1,409,206,0.5036674816625917
QFDNZGJK001,1,393,229,0.5826972010178118
DRMJJ0026,2,401,236,0.5885286783042394
QFSJZ003-1,1,389,229,0.5886889460154242
DRMJJ0020,2,401,257,0.6408977556109726
FDBLHP0001,1,393,253,0.6437659033078881
FRH0068,2,395,273,0.6911392405063291
XGX9992,2,401,302,0.7531172069825436
DRMJJ0022,1,395,313,0.7924050632911392
FRH0065,1,414,329,0.7946859903381642
XGX9993,2,398,331,0.8316582914572864
JZJ0018,1,392,327,0.8341836734693877
xgx0014,1,388,330,0.8505154639175257
FRH0034,1,405,345,0.8518518518518519
xgx0015,1,393,338,0.8600508905852418
CLSSLT0003,2,400,349,0.8725
xgx0016,1,410,358,0.8731707317073171
BLP0002,1,397,347,0.8740554156171285
FRH0028,2,398,348,0.8743718592964824
JZJ00011,1,416,370,0.8894230769230769
YJLZHMV000AMDE,1,382,340,0.8900523560209425
FZLRICBHP0001,1,375,334,0.8906666666666667
KFYFQ51mm,1,398,356,0.8944723618090452
ZBTZ0003,2,400,358,0.895
SLT0003,2,381,342,0.8976377952755905
FRH0050,1,390,352,0.9025641025641026
JZJ0014,2,394,358,0.9086294416243654
JZJ0016,1,386,351,0.9093264248704663
JZJ0005,1,402,367,0.9129353233830846
xgx0013,2,392,359,0.9158163265306123
FRH0029,2,410,376,0.9170731707317074
QFSJZ001-1,1,393,362,0.9211195928753181
LTKF0008,2,403,373,0.9255583126550868
FRC0003,1,388,362,0.9329896907216495
ZJJYZSJBV1AMDE,2,389,363,0.9331619537275064
DRMJJ0021,2,401,377,0.940149625935162
XFTW0001,1,402,378,0.9402985074626866
FRW0009,2,407,383,0.941031941031941
FRW00023,2,394,371,0.9416243654822335
QCXXC0001,2,414,390,0.9420289855072463
FRH0049,2,403,381,0.9454094292803971
SLT0004,2,406,384,0.9458128078817734
ZJJSJBV001AMDE,2,404,383,0.948019801980198
DRMJJ0038,2,384,366,0.953125
LTKF0111,2,392,374,0.9540816326530612
XYMLRY00001,2,396,378,0.9545454545454546
FRW0013,1,393,377,0.9592875318066157
DRMJJ0025,2,394,378,0.9593908629441624
CLSSLT0006,2,404,388,0.9603960396039604
JZJ0004,2,383,368,0.9608355091383812
SRPDZS0002,2,386,371,0.961139896373057
DRMJJ0039,2,408,394,0.9656862745098039
FRH0002,1,393,380,0.9669211195928753
ZBTZ0002,1,397,384,0.9672544080604534
LTKF0019,1,400,387,0.9675
FRH0044,2,401,388,0.9675810473815462
LTKF0002,2,395,384,0.9721518987341772
KZCWBG001,1,389,379,0.974293059125964
LTKF093,1,406,396,0.9753694581280788
FRH0047,2,400,391,0.9775
FRW0016,2,393,385,0.9796437659033079
FRW0017,1,408,400,0.9803921568627451
LTKF0009,2,415,407,0.980722891566265
LTKF098B,1,417,409,0.9808153477218226
YBB0001,1,404,397,0.9826732673267327
QFDNZGJK002,1,395,390,0.9873417721518988
DHZXCZP0001,1,387,383,0.9896640826873385
LRKF0001,1,391,387,0.989769820971867
ETZP0004,1,397,393,0.9899244332493703
ZTD0001,1,399,395,0.9899749373433584
FZLRJ0005,1,387,384,0.9922480620155039
ETZP0003,1,390,387,0.9923076923076923
FRH0064,1,393,390,0.9923664122137404
QCSSXC0006,1,397,394,0.9924433249370277
LTKF0047,1,402,399,0.9925373134328358
SPH0001,1,403,400,0.9925558312655087
FRH0004,1,405,402,0.9925925925925926
FRC0002,1,406,403,0.9926108374384236
XYMZG0016,1,406,403,0.9926108374384236
JZQCQ004,1,407,404,0.9926289926289926
FRH0040,1,412,409,0.9927184466019418
WSJZS0004,1,379,377,0.9947229551451188
ZJJSJSV001AMDE,1,382,380,0.9947643979057592
DRMJJ0027,2,387,385,0.9948320413436692
ZJJYZSJSV1AMDE,1,391,389,0.9948849104859335
LYC0201,1,395,393,0.9949367088607595
WSJZS0002,1,395,393,0.9949367088607595
XGX9995,1,396,394,0.9949494949494949
NNBZL01,1,401,399,0.9950124688279302
FRW0014,2,404,402,0.995049504950495
NNB0002,1,405,403,0.9950617283950617
QCCXC0005,1,405,403,0.9950617283950617
QCSSXC0005,1,411,409,0.9951338199513382
QFSJZ002-1,2,387,386,0.9974160206718347
YKLLW0005,1,390,389,0.9974358974358974
HWZDSKL0001,1,391,390,0.9974424552429667
FRW0024,1,394,393,0.9974619289340102
YJX0024,2,400,399,0.9975
FRH0045,1,401,400,0.9975062344139651
FRW00011,2,417,416,0.9976019184652278
BLJZ0001,2,394,394,1.0
BLP0001,1,400,400,1.0
BLP0003,2,403,403,1.0
BLP0004,2,395,395,1.0
CWW0002,1,405,405,1.0
DRMJJ0023,1,383,383,1.0
FDBLP0001,1,398,398,1.0
FRC0010,2,414,414,1.0
FRH0001,1,400,400,1.0
FRH0003,1,409,409,1.0
FRH0031,2,397,397,1.0
FRH0033,1,407,407,1.0
FRH0035,2,392,392,1.0
FRH0037,2,398,398,1.0
FRH0042,2,393,393,1.0
FRH0043,2,398,398,1.0
FRH0046,1,396,396,1.0
FRH0048,1,396,396,1.0
FRH0051,1,395,395,1.0
FRH0056,1,412,412,1.0
FRH0056-1,2,410,410,1.0
FRH0059,1,396,396,1.0
FRW0005,1,393,393,1.0
FRW0006,1,407,407,1.0
FRW0008,2,398,398,1.0
FRW0011,2,389,389,1.0
FRW0015,1,399,399,1.0
FRW0020,2,408,408,1.0
FRW0023,2,389,389,1.0
FSTBY001,2,397,397,1.0
FZGLS0001,2,397,397,1.0
FZGLS0002,2,397,397,1.0
FZLRJ0001,1,418,418,1.0
FZLRJ0001double,2,399,399,1.0
FZLRJ0002,1,402,402,1.0
FZLRJ0002double,2,402,402,1.0
GJMJSLW001,1,391,391,1.0
GJMJWJX001,1,414,414,1.0
GJMJWJXW001,1,391,391,1.0
HLGKSLT0001,1,407,407,1.0
HSAKSLT0001,2,395,395,1.0
HZSN0001,1,389,389,1.0
JZJ00012,1,402,402,1.0
JZJ0002,1,400,400,1.0
JZJ0003,1,405,405,1.0
JZJ0008,1,402,402,1.0
JZJ0009,1,401,401,1.0
JZJ0013,1,399,399,1.0
JZJ0017,2,387,387,1.0
JZJ0019,1,389,389,1.0
JZQCQ001,1,396,396,1.0
JZQCQ003,1,408,408,1.0
KFYFQ54mm,1,400,400,1.0
KFYFQ58mm,1,403,403,1.0
KFZ0001,2,399,399,1.0
LTKF0005A,2,396,396,1.0
LTKF0020,1,410,410,1.0
LTKF0021,1,394,394,1.0
LTKF0022M,1,399,399,1.0
LTKF0024A,2,403,403,1.0
LTKF0031,1,410,410,1.0
LTKF0058,2,406,406,1.0
LTKF0101,1,416,416,1.0
LTKF0102,2,402,402,1.0
LTKF0106,2,404,404,1.0
LTKF098,1,394,394,1.0
LYC0203,2,404,404,1.0
QCCXC0004,1,396,396,1.0
QCCXC0007,1,377,377,1.0
QCXDS001,1,412,412,1.0
QCXXC0002,2,410,410,1.0
QFSJZ003,2,410,410,1.0
RLHZHMV000AMDE,1,408,408,1.0
SKZ2FT01,1,394,394,1.0
SKZ3FT01,1,411,411,1.0
XHP0001,1,394,394,1.0
XHZXCZP0001,1,381,381,1.0
XHZXCZP0002,1,398,398,1.0
XMJ0004,1,397,397,1.0
XMSH0001,1,393,393,1.0
XXGP0002,1,386,386,1.0
XYJ0001,1,405,405,1.0
XYMGPD0001,1,394,394,1.0
YDBZ001,1,393,393,1.0
YDBZ002,1,398,398,1.0
YDBZLV0001AMDE,2,413,413,1.0
YDBZWV0001AMDE,2,392,392,1.0
YEC0009,1,390,390,1.0
YJX0025,2,400,400,1.0
YXBLJ0001,2,408,408,1.0
ZJJYZBV001AMDE,1,391,391,1.0
ZJJYZSJSV2AMDE,2,409,409,1.0
ZTD0003,1,396,396,1.0
xymzd0015,1,396,396,1.0
zxy0002,2,393,393,1.0
