horizon_label,horizon_weeks,origin_index,origin,method,n_sku_origins,n_unique_skus,observed_event_rate,mean_probability,calibration_gap,brier_score,log_loss,roc_auc,average_precision,zero_probability_share,one_probability_share
30_day_proxy,4,1,2026-02-16,Overall_block_frequency,100,100,0.67,0.3570370370370371,-0.31296296296296294,0.319045816186557,0.8357940491806574,0.5,0.67,0.0,0.0
30_day_proxy,4,1,2026-02-16,PXQ_independence,100,100,0.67,0.6795703125,0.009570312499999956,0.28988204956054686,5.987815964176937,0.7039800995024876,0.8143363539445629,0.25,0.32
30_day_proxy,4,1,2026-02-16,Profile_block_frequency,100,100,0.67,0.35703703703703715,-0.3129629629629629,0.2920245432045854,0.781291564456041,0.6827227498869289,0.7637386836310252,0.0,0.0
30_day_proxy,4,1,2026-02-16,SKU_block_frequency,100,100,0.67,0.35703703703703693,-0.3129629629629631,0.29482853223593963,0.8064127301690789,0.7403889642695612,0.833557425877927,0.0,0.0
30_day_proxy,4,2,2026-03-16,Overall_block_frequency,147,147,0.6054421768707483,0.3680027643400137,-0.23743941253073458,0.2952594219596981,0.7862901006509939,0.5,0.6054421768707483,0.0,0.0
30_day_proxy,4,2,2026-03-16,PXQ_independence,147,147,0.6054421768707483,0.5351828231292517,-0.07025935374149661,0.24004877830038265,5.712810585735682,0.7716970166602093,0.8080338940109171,0.40816326530612246,0.23809523809523808
30_day_proxy,4,2,2026-03-16,Profile_block_frequency,147,147,0.6054421768707483,0.30889409011235625,-0.29654808675839206,0.2816647994855373,0.7819680923894894,0.7500968616815187,0.7754645066301449,0.0,0.0
30_day_proxy,4,2,2026-03-16,SKU_block_frequency,147,147,0.6054421768707483,0.369290573372206,-0.2361516034985423,0.2894627238650562,2.740463703326767,0.7314994188299109,0.7372614536588843,0.17687074829931973,0.09523809523809523
30_day_proxy,4,3,2026-04-13,Overall_block_frequency,147,147,0.564625850340136,0.380466951660638,-0.18415889867949803,0.27973799943066,0.7540820109032226,0.5,0.564625850340136,0.0,0.0
30_day_proxy,4,3,2026-04-13,PXQ_independence,147,147,0.564625850340136,0.5531462585034014,-0.011479591836734637,0.15305125956632654,3.030545425173435,0.8805534638554218,0.8900994778325022,0.3945578231292517,0.24489795918367346
30_day_proxy,4,3,2026-04-13,Profile_block_frequency,147,147,0.564625850340136,0.3239668709742751,-0.2406589793658609,0.26392412165409074,0.7366714119946988,0.7272213855421686,0.7186637707291752,0.0,0.0
30_day_proxy,4,3,2026-04-13,SKU_block_frequency,147,147,0.564625850340136,0.3791539604347486,-0.18547188990538743,0.2329408444577461,1.5167180550108577,0.7888742469879518,0.7792825929746787,0.14965986394557823,0.061224489795918366
30_day_proxy,4,4,2026-05-11,Overall_block_frequency,147,147,0.6190476190476191,0.3889585947302384,-0.23008902431738065,0.28876862351041716,0.7722093048906811,0.5,0.6190476190476191,0.0,0.0
30_day_proxy,4,4,2026-05-11,PXQ_independence,147,147,0.6190476190476191,0.52218856292517,-0.09685905612244905,0.2472394047951212,6.626632997795965,0.758339874411303,0.7987679855755264,0.43537414965986393,0.24489795918367346
30_day_proxy,4,4,2026-05-11,Profile_block_frequency,147,147,0.6190476190476191,0.3541837196462735,-0.2648638994013456,0.27920882464129426,0.7890174170829327,0.679160125588697,0.7228899633870608,0.0,0.0
30_day_proxy,4,4,2026-05-11,SKU_block_frequency,147,147,0.6190476190476191,0.38877551020408163,-0.23027210884353744,0.27593159486016633,1.8381856518296598,0.7181122448979592,0.7644982151424433,0.1360544217687075,0.047619047619047616
30_day_proxy,4,5,2026-06-08,Overall_block_frequency,147,147,0.6598639455782312,0.39910044977511244,-0.2607634958031188,0.2924411196476234,0.7793534855975907,0.5,0.6598639455782312,0.0,0.0
30_day_proxy,4,5,2026-06-08,PXQ_independence,147,147,0.6598639455782312,0.5580357142857143,-0.10182823129251695,0.20254454320790816,4.9162696385412366,0.8312371134020617,0.8932239065518051,0.38095238095238093,0.20408163265306123
30_day_proxy,4,5,2026-06-08,Profile_block_frequency,147,147,0.6598639455782312,0.36455256149412674,-0.2953113840841045,0.3051099446155855,0.8646723134085232,0.6245360824742268,0.7400696260400061,0.0,0.0
30_day_proxy,4,5,2026-06-08,SKU_block_frequency,147,147,0.6598639455782312,0.4016238753565943,-0.258240070221637,0.29823242512405584,2.7659951071957325,0.6615463917525773,0.7934335591148606,0.10884353741496598,0.047619047619047616
30_day_proxy,4,6,2026-07-06,Overall_block_frequency,147,147,0.6870748299319728,0.4101091326823663,-0.27696569724960646,0.29171300545888396,0.7775792196796741,0.5,0.6870748299319728,0.0,0.0
30_day_proxy,4,6,2026-07-06,PXQ_independence,147,147,0.6870748299319728,0.6183567176870748,-0.06871811224489799,0.14903643342102466,3.319294485163566,0.8706414119672836,0.9187197697244384,0.3401360544217687,0.23809523809523808
30_day_proxy,4,6,2026-07-06,Profile_block_frequency,147,147,0.6870748299319728,0.3872217451747562,-0.29985308475721656,0.3147100898100887,0.8703212977253515,0.5594059405940593,0.729688349621423,0.0,0.0
30_day_proxy,4,6,2026-07-06,SKU_block_frequency,147,147,0.6870748299319728,0.4187216553287982,-0.2683531746031746,0.3074046024659864,2.359732072562319,0.6077270770555316,0.7961652764063312,0.047619047619047616,0.047619047619047616
60_day_proxy,9,1,2025-07-21,Overall_block_frequency,195,195,0.5538461538461539,0.2649572649572649,-0.288888888888889,0.3305573818394331,0.8729491509082637,0.5,0.5538461538461539,0.0,0.0
60_day_proxy,9,1,2025-07-21,PXQ_independence,195,195,0.5538461538461539,0.4537196694313191,-0.1001264844148348,0.21147292062144935,5.368153946736313,0.8082694763729246,0.8283472651490711,0.5025641025641026,0.09743589743589744
60_day_proxy,9,1,2025-07-21,Profile_block_frequency,195,195,0.5538461538461539,0.26495726495726496,-0.2888888888888889,0.341646240676106,0.9765134360615861,0.5541187739463602,0.5932454890788225,0.0,0.0
60_day_proxy,9,1,2025-07-21,SKU_block_frequency,195,195,0.5538461538461539,0.26495726495726496,-0.2888888888888889,0.3563786008230453,4.579660912759899,0.5298531289910601,0.6201639160683095,0.17435897435897435,0.0
60_day_proxy,9,2,2025-09-22,Overall_block_frequency,195,195,0.5435897435897435,0.29384615384615387,-0.24974358974358968,0.3104717948717949,0.8245290189495224,0.5,0.5435897435897435,0.0,0.0
60_day_proxy,9,2,2025-09-22,PXQ_independence,195,195,0.5435897435897435,0.5141090368252409,-0.02948070676450265,0.1642996428001665,3.379364549440891,0.8593385626457495,0.8674667390338635,0.4461538461538462,0.12307692307692308
60_day_proxy,9,2,2025-09-22,Profile_block_frequency,195,195,0.5435897435897435,0.2938461538461538,-0.24974358974358973,0.3074196952411995,0.8521006330785268,0.5869196523213908,0.5975484415464299,0.0,0.0
60_day_proxy,9,2,2025-09-22,SKU_block_frequency,195,195,0.5435897435897435,0.29384615384615387,-0.24974358974358968,0.3225128205128206,2.38096331310708,0.5482298070807717,0.6443401410003985,0.06153846153846154,0.0
60_day_proxy,9,3,2025-11-24,Overall_block_frequency,100,100,0.88,0.35818181818181827,-0.5218181818181817,0.3778942148760331,0.9567228301050911,0.5,0.88,0.0,0.0
60_day_proxy,9,3,2025-11-24,PXQ_independence,100,100,0.88,0.8055079419921956,-0.07449205800780445,0.156819170197113,3.6412271354367833,0.8546401515151515,0.9751114081996435,0.15,0.18
60_day_proxy,9,3,2025-11-24,Profile_block_frequency,100,100,0.88,0.358181818181818,-0.521818181818182,0.3915110787732352,1.0538897764141173,0.5923295454545455,0.9037688098495211,0.0,0.0
60_day_proxy,9,3,2025-11-24,SKU_block_frequency,100,100,0.88,0.35818181818181805,-0.521818181818182,0.4178512396694216,2.0727469585640073,0.5336174242424242,0.9077193548890132,0.03,0.0
60_day_proxy,9,4,2026-01-26,Overall_block_frequency,100,100,0.92,0.40166666666666656,-0.5183333333333335,0.3422694444444444,0.8802506853256814,0.5,0.92,0.0,0.0
60_day_proxy,9,4,2026-01-26,PXQ_independence,100,100,0.92,0.821953370385633,-0.09804662961436705,0.14139688476370682,3.3774406224361284,0.7547554347826086,0.9692735187950984,0.12,0.12
60_day_proxy,9,4,2026-01-26,Profile_block_frequency,100,100,0.92,0.4016666666666668,-0.5183333333333333,0.3584027620307382,0.939626319692908,0.5129076086956521,0.9217268591062697,0.0,0.0
60_day_proxy,9,4,2026-01-26,SKU_block_frequency,100,100,0.92,0.4016666666666667,-0.5183333333333333,0.36111111111111116,0.9549597067741916,0.7404891304347827,0.9668573855867579,0.0,0.0
60_day_proxy,9,5,2026-03-30,Overall_block_frequency,100,100,0.8,0.4415384615384616,-0.35846153846153844,0.2884946745562131,0.7705060234290155,0.5,0.8,0.0,0.0
60_day_proxy,9,5,2026-03-30,PXQ_independence,100,100,0.8,0.8413941293383687,0.04139412933836861,0.22335788180585653,3.0639776038311,0.7150000000000001,0.9148818730966647,0.08,0.18
60_day_proxy,9,5,2026-03-30,Profile_block_frequency,100,100,0.8,0.44153846153846155,-0.3584615384615385,0.2758718627474467,0.7555603252628766,0.6946875,0.8736334978070175,0.0,0.0
60_day_proxy,9,5,2026-03-30,SKU_block_frequency,100,100,0.8,0.4415384615384616,-0.35846153846153844,0.32,0.862494007299539,0.534375,0.8224398810845492,0.0,0.0
60_day_proxy,9,6,2026-06-01,Overall_block_frequency,147,147,0.7755102040816326,0.4718875502008033,-0.3036226538808293,0.2662808433965351,0.7257440792402967,0.5,0.7755102040816326,0.0,0.0
60_day_proxy,9,6,2026-06-01,PXQ_independence,147,147,0.7755102040816326,0.68052412711203,-0.0949860769696026,0.3215425297450509,7.314354127083583,0.6605528973950027,0.8828311687526947,0.2653061224489796,0.17006802721088435
60_day_proxy,9,6,2026-06-01,Profile_block_frequency,147,147,0.7755102040816326,0.4404346044751787,-0.33507559960645394,0.31710422852095943,0.8581732000106799,0.47474747474747475,0.7756449711759335,0.0,0.0
60_day_proxy,9,6,2026-06-01,SKU_block_frequency,147,147,0.7755102040816326,0.49125364431486884,-0.2842565597667638,0.36481327224767457,5.973733245123507,0.47474747474747475,0.7529986035823174,0.10884353741496598,0.1360544217687075
90_day_proxy,13,1,2025-02-03,Overall_block_frequency,195,195,0.48717948717948717,0.24743589743589747,-0.2397435897435897,0.3073126232741617,0.8261757149206946,0.5,0.48717948717948717,0.0,0.0
90_day_proxy,13,1,2025-02-03,PXQ_independence,195,195,0.48717948717948717,0.38306024948767425,-0.10411923769181292,0.2634267701961298,6.750205742954785,0.7393684210526316,0.7203210004597851,0.5794871794871795,0.041025641025641026
90_day_proxy,13,1,2025-02-03,Profile_block_frequency,195,195,0.48717948717948717,0.24743589743589745,-0.23974358974358972,0.303147743731965,0.9118877364622097,0.6214736842105264,0.577302532348972,0.0,0.0
90_day_proxy,13,1,2025-02-03,SKU_block_frequency,195,195,0.48717948717948717,0.24743589743589745,-0.23974358974358972,0.305448717948718,6.2171770402764945,0.6566842105263158,0.628390927691437,0.48717948717948717,0.020512820512820513
90_day_proxy,13,2,2025-05-05,Overall_block_frequency,195,195,0.5794871794871795,0.2953846153846155,-0.284102564102564,0.3243960552268245,0.853894157061465,0.5,0.5794871794871795,0.0,0.0
90_day_proxy,13,2,2025-05-05,PXQ_independence,195,195,0.5794871794871795,0.44808498916426304,-0.1314021903229165,0.2800708762560953,7.210377668185715,0.7463846319879128,0.795165482121706,0.5128205128205128,0.046153846153846156
90_day_proxy,13,2,2025-05-05,Profile_block_frequency,195,195,0.5794871794871795,0.2953846153846154,-0.2841025641025641,0.35748923324737275,1.0129887236909771,0.5357759551046839,0.611964731433758,0.0,0.0
90_day_proxy,13,2,2025-05-05,SKU_block_frequency,195,195,0.5794871794871795,0.2953846153846154,-0.2841025641025641,0.40471794871794875,7.4624768579882925,0.4827865314051371,0.5832919986485838,0.31794871794871793,0.020512820512820513
90_day_proxy,13,3,2025-08-04,Overall_block_frequency,195,195,0.6051282051282051,0.3427350427350428,-0.2623931623931623,0.30779823215720653,0.813684909463034,0.5,0.6051282051282051,0.0,0.0
90_day_proxy,13,3,2025-08-04,PXQ_independence,195,195,0.6051282051282051,0.5386503366852547,-0.06647786844295034,0.20519277594683477,4.79844284900535,0.8133392031697118,0.8539883730364692,0.4205128205128205,0.09230769230769231
90_day_proxy,13,3,2025-08-04,Profile_block_frequency,195,195,0.6051282051282051,0.3427350427350428,-0.2623931623931623,0.3268604692061482,0.896104132862183,0.536484701738939,0.6291463665683112,0.0,0.0
90_day_proxy,13,3,2025-08-04,SKU_block_frequency,195,195,0.6051282051282051,0.3427350427350427,-0.2623931623931624,0.37507122507122503,4.283903657066741,0.4591679506933744,0.6126877083873447,0.1282051282051282,0.010256410256410256
90_day_proxy,13,4,2025-11-03,Overall_block_frequency,100,100,0.92,0.40285714285714297,-0.5171428571428571,0.3410367346938776,0.8776873151783599,0.5,0.92,0.0,0.0
90_day_proxy,13,4,2025-11-03,PXQ_independence,100,100,0.92,0.8629557714072434,-0.057044228592756596,0.1295451761640895,2.873454632744906,0.7275815217391304,0.9680393196429515,0.1,0.18
90_day_proxy,13,4,2025-11-03,Profile_block_frequency,100,100,0.92,0.40285714285714286,-0.5171428571428571,0.35796833018921853,0.9590971878668468,0.5163043478260869,0.9237132380453491,0.0,0.0
90_day_proxy,13,4,2025-11-03,SKU_block_frequency,100,100,0.92,0.40285714285714286,-0.5171428571428571,0.4036734693877551,2.659123189766127,0.46739130434782605,0.9156903464469254,0.05,0.02
90_day_proxy,13,5,2026-02-02,Overall_block_frequency,100,100,0.94,0.4675000000000002,-0.47249999999999975,0.27965625000000005,0.7525449173221049,0.5,0.94,0.0,0.0
90_day_proxy,13,5,2026-02-02,PXQ_independence,100,100,0.94,0.8782995099172223,-0.06170049008277767,0.13019118335239552,3.028217865779163,0.7420212765957447,0.9784180178122239,0.08,0.09
90_day_proxy,13,5,2026-02-02,Profile_block_frequency,100,100,0.94,0.4675,-0.4724999999999999,0.2827051177536232,0.7672221741970761,0.6125886524822695,0.9532662822052079,0.0,0.0
90_day_proxy,13,5,2026-02-02,SKU_block_frequency,100,100,0.94,0.4675,-0.4724999999999999,0.3090625,0.8264189773792029,0.6835106382978723,0.9681179400834172,0.0,0.02
90_day_proxy,13,6,2026-05-04,Overall_block_frequency,100,100,0.84,0.52,-0.31999999999999995,0.23679999999999995,0.6667333006344297,0.5,0.84,0.0,0.0
90_day_proxy,13,6,2026-05-04,PXQ_independence,100,100,0.84,0.8742706526913189,0.034270652691318904,0.1444740614593986,2.0254195430865267,0.8106398809523809,0.9402017344833972,0.06,0.16
90_day_proxy,13,6,2026-05-04,Profile_block_frequency,100,100,0.84,0.5199999999999999,-0.32000000000000006,0.238784812898634,0.6743743160900227,0.625,0.8787445887445888,0.0,0.0
90_day_proxy,13,6,2026-05-04,SKU_block_frequency,100,100,0.84,0.52,-0.31999999999999995,0.27308641975308645,1.0664085317745235,0.5323660714285714,0.8413709044891842,0.0,0.02
