feature_set,n_features,k,n_skus,valid,error,silhouette,calinski_harabasz,min_cluster_size,max_cluster_size,cluster_sizes,stability_ari_mean,stability_ari_median,stability_ari_p10,stability_ari_p90,cluster_jaccard_medians,minimum_cluster_jaccard_median,structural_eligible,pareto,analysis_mode,registry_sha256
ADI+CV2,2,2,197,True,,0.38849092414851033,152.7526785259142,74,123,1:123;2:74,0.6393872223005344,0.6504809923367323,0.46114655644807384,0.7823337726244254,"{""1"": 0.8571428571428571, ""2"": 0.7703810367744794}",0.7703810367744794,True,False,retrospective_method_development,12283853551a97c65d5dd5cda121dea0fa581b57c1a860afbe6258755f7d4db0
ADI+CV2+acf1,3,2,197,True,,0.293440886106354,88.86358650358822,67,130,1:130;2:67,0.6040929205755773,0.5821159074927653,0.3998118768476998,0.8540014431232574,"{""1"": 0.8375026057952888, ""2"": 0.7215189873417721}",0.7215189873417721,False,False,retrospective_method_development,12283853551a97c65d5dd5cda121dea0fa581b57c1a860afbe6258755f7d4db0
ADI+CV2+nonzero_mean,3,2,197,True,,0.343380701459072,138.8648730030953,84,113,1:113;2:84,0.5813398573191747,0.5717503030265902,0.38902378652904523,0.8076367818062493,"{""1"": 0.8, ""2"": 0.7599551687763713}",0.7599551687763713,True,False,retrospective_method_development,12283853551a97c65d5dd5cda121dea0fa581b57c1a860afbe6258755f7d4db0
ADI+CV2+peak_ratio,3,2,197,True,,0.40048776518411816,161.53376781572823,59,138,1:138;2:59,0.7205197858954245,0.8038785432901012,0.3172729064972513,0.9740781550188139,"{""1"": 0.9298191612158522, ""2"": 0.8583959899749374}",0.8583959899749374,True,True,retrospective_method_development,12283853551a97c65d5dd5cda121dea0fa581b57c1a860afbe6258755f7d4db0
ADI+CV2+promo_response_index,3,2,197,True,,0.31485816939664546,83.17870522614237,63,134,1:134;2:63,0.5737739419360911,0.5906446121816409,0.30073274200169403,0.8730864222853343,"{""1"": 0.7174882629107981, ""2"": 0.841687552213868}",0.7174882629107981,False,False,retrospective_method_development,12283853551a97c65d5dd5cda121dea0fa581b57c1a860afbe6258755f7d4db0
ADI+CV2+trailing_zero_share,3,2,197,True,,0.34575475830625324,119.0039060118096,85,112,1:112;2:85,0.5834533778051374,0.552523268824046,0.3620513747337826,0.8782795342124643,"{""1"": 0.7912087912087912, ""2"": 0.7584312239484653}",0.7584312239484653,True,False,retrospective_method_development,12283853551a97c65d5dd5cda121dea0fa581b57c1a860afbe6258755f7d4db0
ADI+CV2+trend_coef,3,2,197,True,,0.3209826028979406,103.51523929154084,62,135,1:135;2:62,0.5454258991502229,0.5520157619276753,0.12941761442678731,0.9222726703955731,"{""1"": 0.819047619047619, ""2"": 0.7101449275362319}",0.7101449275362319,False,False,retrospective_method_development,12283853551a97c65d5dd5cda121dea0fa581b57c1a860afbe6258755f7d4db0
ADI+CV2+acf1+nonzero_mean,4,2,197,True,,0.36919163069361133,146.19669862567136,77,120,1:120;2:77,0.8375218757521133,0.8756780095874471,0.6309791201417967,0.974490427059972,"{""1"": 0.9497474747474748, ""2"": 0.921875}",0.921875,True,True,retrospective_method_development,12283853551a97c65d5dd5cda121dea0fa581b57c1a860afbe6258755f7d4db0
ADI+CV2+acf1+peak_ratio,4,2,197,True,,0.3198573085061842,114.24599343713855,81,116,1:116;2:81,0.6705820346514517,0.6731031362108534,0.4171114900578914,0.9000135279977522,"{""1"": 0.8571428571428571, ""2"": 0.8195582877959927}",0.8195582877959927,True,False,retrospective_method_development,12283853551a97c65d5dd5cda121dea0fa581b57c1a860afbe6258755f7d4db0
ADI+CV2+acf1+promo_response_index,4,2,197,True,,0.24347073295906552,67.72443354136274,89,108,1:108;2:89,0.6353982725711829,0.6521391113772628,0.36190316617244095,0.8782885653533549,"{""1"": 0.8377965703547099, ""2"": 0.8129166666666667}",0.8129166666666667,True,False,retrospective_method_development,12283853551a97c65d5dd5cda121dea0fa581b57c1a860afbe6258755f7d4db0
ADI+CV2+acf1+trailing_zero_share,4,2,197,True,,0.2645327534936375,81.09363237871725,84,113,1:84;2:113,0.5238993586189273,0.5330334694181786,0.1518840018181062,0.8999782014812509,"{""1"": 0.7759383217786278, ""2"": 0.7444444444444445}",0.7444444444444445,False,False,retrospective_method_development,12283853551a97c65d5dd5cda121dea0fa581b57c1a860afbe6258755f7d4db0
ADI+CV2+acf1+trend_coef,4,2,197,True,,0.2650169395158992,80.54491215631916,69,128,1:128;2:69,0.36232889715950045,0.3311710168564376,0.019168809140034125,0.736585926107889,"{""1"": 0.6946729338033686, ""2"": 0.5934065934065934}",0.5934065934065934,False,False,retrospective_method_development,12283853551a97c65d5dd5cda121dea0fa581b57c1a860afbe6258755f7d4db0
ADI+CV2+nonzero_mean+peak_ratio,4,2,197,True,,0.35673050384436605,147.71950326468297,92,105,1:92;2:105,0.6020814313108919,0.6942712589288029,0.21220208779687885,0.8758790950526876,"{""1"": 0.8505747126436781, ""2"": 0.8470588235294118}",0.8470588235294118,True,False,retrospective_method_development,12283853551a97c65d5dd5cda121dea0fa581b57c1a860afbe6258755f7d4db0
ADI+CV2+nonzero_mean+promo_response_index,4,2,197,True,,0.3165246655675058,107.44502210247106,89,108,1:108;2:89,0.770236316248552,0.8053240784446384,0.5302792449308672,0.9493709145485735,"{""1"": 0.9139784946236559, ""2"": 0.8947368421052632}",0.8947368421052632,True,False,retrospective_method_development,12283853551a97c65d5dd5cda121dea0fa581b57c1a860afbe6258755f7d4db0
ADI+CV2+nonzero_mean+trailing_zero_share,4,2,197,True,,0.3046436084064053,91.22610693590065,46,151,1:151;2:46,0.5266664906586637,0.5531413843281131,0.11690177963357275,0.867413097293864,"{""1"": 0.8408029878618114, ""2"": 0.648635477582846}",0.648635477582846,False,False,retrospective_method_development,12283853551a97c65d5dd5cda121dea0fa581b57c1a860afbe6258755f7d4db0
ADI+CV2+nonzero_mean+trend_coef,4,2,197,True,,0.3309895306761745,119.70325511270696,86,111,1:111;2:86,0.6595104144531789,0.6726883538188716,0.3600377034604533,0.924545743838917,"{""1"": 0.8557196669310071, ""2"": 0.8029236022193769}",0.8029236022193769,True,False,retrospective_method_development,12283853551a97c65d5dd5cda121dea0fa581b57c1a860afbe6258755f7d4db0
ADI+CV2+peak_ratio+promo_response_index,4,2,197,True,,0.3155446704091089,90.65800013172708,69,128,1:128;2:69,0.5877287687454472,0.6269105716709087,0.26025653048253156,0.8747414942420139,"{""1"": 0.8607626514611546, ""2"": 0.7288135593220338}",0.7288135593220338,False,False,retrospective_method_development,12283853551a97c65d5dd5cda121dea0fa581b57c1a860afbe6258755f7d4db0
ADI+CV2+peak_ratio+trailing_zero_share,4,2,197,True,,0.349996591167721,130.73575389008153,89,108,1:108;2:89,0.7689229451250853,0.8053312647235874,0.4958318494075187,0.9745180077290049,"{""1"": 0.9166666666666666, ""2"": 0.9}",0.9,True,False,retrospective_method_development,12283853551a97c65d5dd5cda121dea0fa581b57c1a860afbe6258755f7d4db0
ADI+CV2+peak_ratio+trend_coef,4,2,197,True,,0.3444265110595771,127.5397827283583,79,118,1:118;2:79,0.6798551322798785,0.6730695614954159,0.5150474749151368,0.851969736397722,"{""1"": 0.8679245283018868, ""2"": 0.8027242401779096}",0.8027242401779096,True,False,retrospective_method_development,12283853551a97c65d5dd5cda121dea0fa581b57c1a860afbe6258755f7d4db0
ADI+CV2+promo_response_index+trailing_zero_share,4,2,197,True,,0.26342776901580245,67.1284153509854,93,104,1:104;2:93,0.49535074712738486,0.5149450135455715,0.28724454270928035,0.6730856757953231,"{""1"": 0.7542027843446284, ""2"": 0.7528089887640449}",0.7528089887640449,True,False,retrospective_method_development,12283853551a97c65d5dd5cda121dea0fa581b57c1a860afbe6258755f7d4db0
ADI+CV2+promo_response_index+trend_coef,4,2,197,True,,0.21674836441732506,60.42353117054153,79,118,1:79;2:118,0.5061505090533394,0.5335292799341191,0.183016254184281,0.8052531176669252,"{""1"": 0.7889398572884812, ""2"": 0.7240384615384615}",0.7240384615384615,False,False,retrospective_method_development,12283853551a97c65d5dd5cda121dea0fa581b57c1a860afbe6258755f7d4db0
ADI+CV2+trailing_zero_share+trend_coef,4,2,197,True,,0.3282719626782662,110.89506627480436,96,101,1:101;2:96,0.5862416741277237,0.5913864870444431,0.378048398031341,0.7824695212614021,"{""1"": 0.8023255813953488, ""2"": 0.788235294117647}",0.788235294117647,True,False,retrospective_method_development,12283853551a97c65d5dd5cda121dea0fa581b57c1a860afbe6258755f7d4db0
ADI+CV2+acf1+nonzero_mean+peak_ratio,5,2,197,True,,0.3394397610082536,122.9859301375656,58,139,1:139;2:58,0.6970855626194078,0.7100700503052733,0.5110901608920652,0.8964570233537715,"{""1"": 0.8888888888888888, ""2"": 0.7857142857142857}",0.7857142857142857,True,False,retrospective_method_development,12283853551a97c65d5dd5cda121dea0fa581b57c1a860afbe6258755f7d4db0
ADI+CV2+acf1+nonzero_mean+promo_response_index,5,2,197,True,,0.3063173992942184,101.33113197661095,81,116,1:116;2:81,0.8348769482474062,0.8519736342272245,0.6943177085448864,0.9493317721532764,"{""1"": 0.9393939393939394, ""2"": 0.9124040920716112}",0.9124040920716112,True,False,retrospective_method_development,12283853551a97c65d5dd5cda121dea0fa581b57c1a860afbe6258755f7d4db0
ADI+CV2+acf1+nonzero_mean+trailing_zero_share,5,2,197,True,,0.3042756901479346,103.89530106242393,72,125,1:125;2:72,0.7643099215150015,0.8040002537597676,0.5336578291420125,0.9244592552674535,"{""1"": 0.9207920792079208, ""2"": 0.8661691542288557}",0.8661691542288557,True,False,retrospective_method_development,12283853551a97c65d5dd5cda121dea0fa581b57c1a860afbe6258755f7d4db0
ADI+CV2+acf1+nonzero_mean+trend_coef,5,2,197,True,,0.30964353410950046,108.1891861891017,81,116,1:116;2:81,0.7558525365161306,0.7823964238443673,0.5510390289379257,0.8999471016273539,"{""1"": 0.9126131221719457, ""2"": 0.8709677419354839}",0.8709677419354839,True,False,retrospective_method_development,12283853551a97c65d5dd5cda121dea0fa581b57c1a860afbe6258755f7d4db0
ADI+CV2+acf1+peak_ratio+promo_response_index,5,2,197,True,,0.24865387388247578,76.77484251412906,98,99,1:99;2:98,0.6638116559834409,0.7158188219504252,0.3942107428088136,0.8758761392450847,"{""1"": 0.8588235294117647, ""2"": 0.8518518518518519}",0.8518518518518519,True,False,retrospective_method_development,12283853551a97c65d5dd5cda121dea0fa581b57c1a860afbe6258755f7d4db0
ADI+CV2+acf1+peak_ratio+trailing_zero_share,5,2,197,True,,0.26530560880041215,78.0325156412844,68,129,1:129;2:68,0.5546426865767633,0.5718630210994919,0.30255615262708824,0.7820896329531759,"{""1"": 0.8181818181818182, ""2"": 0.7397260273972602}",0.7397260273972602,False,False,retrospective_method_development,12283853551a97c65d5dd5cda121dea0fa581b57c1a860afbe6258755f7d4db0
ADI+CV2+acf1+peak_ratio+trend_coef,5,2,197,True,,0.2843969150580961,94.21164395001348,86,111,1:111;2:86,0.5762497619455053,0.5709667794621951,0.33233773847645115,0.8308519619780014,"{""1"": 0.8020890001088021, ""2"": 0.757169659608684}",0.757169659608684,True,False,retrospective_method_development,12283853551a97c65d5dd5cda121dea0fa581b57c1a860afbe6258755f7d4db0
ADI+CV2+acf1+promo_response_index+trailing_zero_share,5,2,197,True,,0.18202268712814626,47.7462137783745,91,106,1:91;2:106,0.42446582892950036,0.42678227822490394,0.1892606258696165,0.6315643568776258,"{""1"": 0.734368215371255, ""2"": 0.6878360215053764}",0.6878360215053764,False,False,retrospective_method_development,12283853551a97c65d5dd5cda121dea0fa581b57c1a860afbe6258755f7d4db0
ADI+CV2+acf1+promo_response_index+trend_coef,5,2,197,True,,0.20709562442321602,54.24151423657505,85,112,1:112;2:85,0.30644975710291555,0.2748939949906254,0.09946835872147988,0.5524054240008837,"{""1"": 0.6318840579710145, ""2"": 0.6113807982740022}",0.6113807982740022,False,False,retrospective_method_development,12283853551a97c65d5dd5cda121dea0fa581b57c1a860afbe6258755f7d4db0
ADI+CV2+acf1+trailing_zero_share+trend_coef,5,2,197,True,,0.29150615025640336,96.09494636560999,80,117,1:80;2:117,0.6486378262978167,0.6721187098630894,0.39366665642546583,0.8758446892746116,"{""1"": 0.8550195175658092, ""2"": 0.8028739121635297}",0.8028739121635297,True,False,retrospective_method_development,12283853551a97c65d5dd5cda121dea0fa581b57c1a860afbe6258755f7d4db0
ADI+CV2+nonzero_mean+peak_ratio+promo_response_index,5,2,197,True,,0.2951649645040902,101.99000637490661,92,105,1:92;2:105,0.6166122489382546,0.6521355670504008,0.28833458188844074,0.8758779449280846,"{""1"": 0.8333333333333334, ""2"": 0.8224789915966386}",0.8224789915966386,True,False,retrospective_method_development,12283853551a97c65d5dd5cda121dea0fa581b57c1a860afbe6258755f7d4db0
ADI+CV2+nonzero_mean+peak_ratio+trailing_zero_share,5,2,197,True,,0.31937991699536544,115.91068182182215,88,109,1:109;2:88,0.6557619238571947,0.6112979274618578,0.3906027870025668,0.9493700524152112,"{""1"": 0.8291793313069908, ""2"": 0.7923850574712643}",0.7923850574712643,True,False,retrospective_method_development,12283853551a97c65d5dd5cda121dea0fa581b57c1a860afbe6258755f7d4db0
ADI+CV2+nonzero_mean+peak_ratio+trend_coef,5,2,197,True,,0.2904391455822127,99.17780463659945,87,110,1:87;2:110,0.4062013631484665,0.37768817594675774,0.15406960058054464,0.6942782162702544,"{""1"": 0.6791288143489401, ""2"": 0.6846108140225787}",0.6791288143489401,False,False,retrospective_method_development,12283853551a97c65d5dd5cda121dea0fa581b57c1a860afbe6258755f7d4db0
ADI+CV2+nonzero_mean+promo_response_index+trailing_zero_share,5,2,197,True,,0.25553625976859584,71.93163411527533,94,103,1:94;2:103,0.4218123961377632,0.3626886620636637,0.1879706905722281,0.7158268354461156,"{""1"": 0.6567001309471846, ""2"": 0.6940690690690691}",0.6567001309471846,False,False,retrospective_method_development,12283853551a97c65d5dd5cda121dea0fa581b57c1a860afbe6258755f7d4db0
ADI+CV2+nonzero_mean+promo_response_index+trend_coef,5,2,197,True,,0.25301985733419263,77.69618375244764,83,114,1:114;2:83,0.5408378250426971,0.5330694510489051,0.23349133320024276,0.8281627056786733,"{""1"": 0.808695652173913, ""2"": 0.7043854033290653}",0.7043854033290653,False,False,retrospective_method_development,12283853551a97c65d5dd5cda121dea0fa581b57c1a860afbe6258755f7d4db0
ADI+CV2+nonzero_mean+trailing_zero_share+trend_coef,5,2,197,True,,0.31907814270092916,105.5857826192698,98,99,1:99;2:98,0.5666494747828047,0.5718630210994919,0.30263066883015,0.8285235154947753,"{""1"": 0.7932486799094796, ""2"": 0.774421768707483}",0.774421768707483,True,False,retrospective_method_development,12283853551a97c65d5dd5cda121dea0fa581b57c1a860afbe6258755f7d4db0
ADI+CV2+peak_ratio+promo_response_index+trailing_zero_share,5,2,197,True,,0.2729251283351543,85.33454467916201,92,105,1:105;2:92,0.7109286867747814,0.7377094542017413,0.4610274598129536,0.9245466881480442,"{""1"": 0.8728886168910649, ""2"": 0.8615900383141762}",0.8615900383141762,True,False,retrospective_method_development,12283853551a97c65d5dd5cda121dea0fa581b57c1a860afbe6258755f7d4db0
ADI+CV2+peak_ratio+promo_response_index+trend_coef,5,2,197,True,,0.2849571666028125,88.28621721020038,81,116,1:116;2:81,0.6748446247014342,0.6725232700606405,0.4265931289523388,0.9245409885131394,"{""1"": 0.8612486248624862, ""2"": 0.8}",0.8,True,False,retrospective_method_development,12283853551a97c65d5dd5cda121dea0fa581b57c1a860afbe6258755f7d4db0
ADI+CV2+peak_ratio+trailing_zero_share+trend_coef,5,2,197,True,,0.3315054049520969,114.19236179224525,88,109,1:109;2:88,0.6600965628219158,0.6727480588721206,0.4431364644241935,0.87584539076916,"{""1"": 0.8527863777089784, ""2"": 0.8115942028985508}",0.8115942028985508,True,False,retrospective_method_development,12283853551a97c65d5dd5cda121dea0fa581b57c1a860afbe6258755f7d4db0
ADI+CV2+promo_response_index+trailing_zero_share+trend_coef,5,2,197,True,,0.2599942460061452,77.3722362188541,87,110,1:87;2:110,0.5702301758817294,0.5717817266193346,0.377751938941638,0.7377254672212434,"{""1"": 0.8080808080808081, ""2"": 0.7650689905591865}",0.7650689905591865,True,False,retrospective_method_development,12283853551a97c65d5dd5cda121dea0fa581b57c1a860afbe6258755f7d4db0
ADI+CV2+acf1+nonzero_mean+peak_ratio+promo_response_index,6,2,197,True,,0.2900320325373111,98.42038357445138,86,111,1:111;2:86,0.7289232350734794,0.7377084747435143,0.5525490352258716,0.8758584928189956,"{""1"": 0.8900549450549451, ""2"": 0.8472222222222222}",0.8472222222222222,True,False,retrospective_method_development,12283853551a97c65d5dd5cda121dea0fa581b57c1a860afbe6258755f7d4db0
ADI+CV2+acf1+nonzero_mean+peak_ratio+trailing_zero_share,6,2,197,True,,0.28999345583223046,95.220734259447,60,137,1:137;2:60,0.6049396670569838,0.6297826480204447,0.3324165000090886,0.8250622989520374,"{""1"": 0.8638181818181818, ""2"": 0.7333333333333333}",0.7333333333333333,False,False,retrospective_method_development,12283853551a97c65d5dd5cda121dea0fa581b57c1a860afbe6258755f7d4db0
ADI+CV2+acf1+nonzero_mean+peak_ratio+trend_coef,6,2,197,True,,0.2828436899489527,96.8848597931047,81,116,1:116;2:81,0.6325502683283933,0.6514390686048606,0.41005000842597855,0.8053049252251535,"{""1"": 0.8584905660377359, ""2"": 0.7794117647058824}",0.7794117647058824,True,False,retrospective_method_development,12283853551a97c65d5dd5cda121dea0fa581b57c1a860afbe6258755f7d4db0
ADI+CV2+acf1+nonzero_mean+promo_response_index+trailing_zero_share,6,2,197,True,,0.266929654744144,81.6102574458265,75,122,1:122;2:75,0.7027065295754564,0.737086083549313,0.4611213098279628,0.8994776374603347,"{""1"": 0.8932038834951457, ""2"": 0.8321596244131455}",0.8321596244131455,True,False,retrospective_method_development,12283853551a97c65d5dd5cda121dea0fa581b57c1a860afbe6258755f7d4db0
ADI+CV2+acf1+nonzero_mean+promo_response_index+trend_coef,6,2,197,True,,0.26819252314485675,83.63084948213458,77,120,1:120;2:77,0.825003752707752,0.8518747973770673,0.6713023528220813,0.926988949673439,"{""1"": 0.94, ""2"": 0.9090909090909091}",0.9090909090909091,True,False,retrospective_method_development,12283853551a97c65d5dd5cda121dea0fa581b57c1a860afbe6258755f7d4db0
ADI+CV2+acf1+nonzero_mean+trailing_zero_share+trend_coef,6,2,197,True,,0.26642348137892324,83.74893995238388,68,129,1:129;2:68,0.5706138196526152,0.6787562263124126,0.15312995194051449,0.8992295701682499,"{""1"": 0.8737864077669902, ""2"": 0.7886762360446571}",0.7886762360446571,True,False,retrospective_method_development,12283853551a97c65d5dd5cda121dea0fa581b57c1a860afbe6258755f7d4db0
ADI+CV2+acf1+peak_ratio+promo_response_index+trailing_zero_share,6,2,197,True,,0.218916623645897,65.14631880627908,94,103,1:94;2:103,0.432735683735768,0.4267599101242969,0.23425338543273339,0.6521565258427581,"{""1"": 0.7108187134502923, ""2"": 0.7}",0.7,False,False,retrospective_method_development,12283853551a97c65d5dd5cda121dea0fa581b57c1a860afbe6258755f7d4db0
ADI+CV2+acf1+peak_ratio+promo_response_index+trend_coef,6,2,197,True,,0.20489002514368676,47.09882634571079,46,151,1:151;2:46,0.29068398185271027,0.2625171257833249,0.04007756419389571,0.5586865200503723,"{""1"": 0.7016129032258065, ""2"": 0.48}",0.48,False,False,retrospective_method_development,12283853551a97c65d5dd5cda121dea0fa581b57c1a860afbe6258755f7d4db0
ADI+CV2+acf1+peak_ratio+trailing_zero_share+trend_coef,6,2,197,True,,0.2801861893191478,91.06573875422379,86,111,1:111;2:86,0.5912319051720081,0.5718039294006041,0.33192050478080837,0.8285084350738534,"{""1"": 0.8140792399434, ""2"": 0.7622023809523809}",0.7622023809523809,True,False,retrospective_method_development,12283853551a97c65d5dd5cda121dea0fa581b57c1a860afbe6258755f7d4db0
ADI+CV2+acf1+promo_response_index+trailing_zero_share+trend_coef,6,2,197,True,,0.22373372721456833,60.95854123797706,92,105,1:92;2:105,0.5239175964386834,0.5335775802777447,0.3166661208977616,0.7377050885683019,"{""1"": 0.7860610263522885, ""2"": 0.7401298701298702}",0.7401298701298702,False,False,retrospective_method_development,12283853551a97c65d5dd5cda121dea0fa581b57c1a860afbe6258755f7d4db0
ADI+CV2+nonzero_mean+peak_ratio+promo_response_index+trailing_zero_share,6,2,197,True,,0.2556412797636913,83.05474485836405,94,103,1:94;2:103,0.6031418867312937,0.6315995307000392,0.28892745242798334,0.8520319387968528,"{""1"": 0.8263087843833186, ""2"": 0.8148148148148148}",0.8148148148148148,True,False,retrospective_method_development,12283853551a97c65d5dd5cda121dea0fa581b57c1a860afbe6258755f7d4db0
ADI+CV2+nonzero_mean+peak_ratio+promo_response_index+trend_coef,6,2,197,True,,0.24130014733695443,72.33776235492293,73,124,1:73;2:124,0.4152524723867065,0.39397808814073776,0.09917715935855245,0.781086438706877,"{""1"": 0.7113829787234043, ""2"": 0.6576265016381507}",0.6576265016381507,False,False,retrospective_method_development,12283853551a97c65d5dd5cda121dea0fa581b57c1a860afbe6258755f7d4db0
ADI+CV2+nonzero_mean+peak_ratio+trailing_zero_share+trend_coef,6,2,197,True,,0.2749277557925937,84.09793916593107,51,146,1:146;2:51,0.4214034674047106,0.40926630102599365,0.10199622693899406,0.7722384732070505,"{""1"": 0.7627118644067796, ""2"": 0.5869841269841269}",0.5869841269841269,False,False,retrospective_method_development,12283853551a97c65d5dd5cda121dea0fa581b57c1a860afbe6258755f7d4db0
ADI+CV2+nonzero_mean+promo_response_index+trailing_zero_share+trend_coef,6,2,197,True,,0.24740585338774485,74.14532312282655,70,127,1:70;2:127,0.6100849555315957,0.6916679296365242,0.1598182203871369,0.8993551793054037,"{""1"": 0.875, ""2"": 0.8028169014084507}",0.8028169014084507,True,False,retrospective_method_development,12283853551a97c65d5dd5cda121dea0fa581b57c1a860afbe6258755f7d4db0
ADI+CV2+peak_ratio+promo_response_index+trailing_zero_share+trend_coef,6,2,197,True,,0.22214732179852006,64.80504585004766,70,127,1:70;2:127,0.29824863626714115,0.2612911602523025,0.07992134654791547,0.5526851719427068,"{""1"": 0.6310679611650486, ""2"": 0.5894736842105263}",0.5894736842105263,False,False,retrospective_method_development,12283853551a97c65d5dd5cda121dea0fa581b57c1a860afbe6258755f7d4db0
ADI+CV2+acf1+nonzero_mean+peak_ratio+promo_response_index+trailing_zero_share,7,2,197,True,,0.2668169535453794,80.45570718900125,61,136,1:136;2:61,0.6397275938640302,0.6915879970172404,0.2885165045392101,0.8737152934209561,"{""1"": 0.8823529411764706, ""2"": 0.7777777777777778}",0.7777777777777778,True,False,retrospective_method_development,12283853551a97c65d5dd5cda121dea0fa581b57c1a860afbe6258755f7d4db0
ADI+CV2+acf1+nonzero_mean+peak_ratio+promo_response_index+trend_coef,7,2,197,True,,0.26210193152350186,83.39777467236236,79,118,1:118;2:79,0.6985202087813205,0.7363335022631041,0.4963931315419133,0.8514907497044907,"{""1"": 0.8877551020408163, ""2"": 0.8307692307692308}",0.8307692307692308,True,False,retrospective_method_development,12283853551a97c65d5dd5cda121dea0fa581b57c1a860afbe6258755f7d4db0
ADI+CV2+acf1+nonzero_mean+peak_ratio+trailing_zero_share+trend_coef,7,2,197,True,,0.27548885868991657,84.75725660012519,54,143,1:143;2:54,0.5471347650958178,0.5614892774604827,0.18853376228877666,0.9187801712372003,"{""1"": 0.8294573643410853, ""2"": 0.6771712158808934}",0.6771712158808934,False,False,retrospective_method_development,12283853551a97c65d5dd5cda121dea0fa581b57c1a860afbe6258755f7d4db0
ADI+CV2+acf1+nonzero_mean+promo_response_index+trailing_zero_share+trend_coef,7,2,197,True,,0.23138981820659293,67.74555771073098,79,118,1:118;2:79,0.4775939952936013,0.36199901329599793,0.17509069953139517,0.8757267281237396,"{""1"": 0.690360824742268, ""2"": 0.659684141259048}",0.659684141259048,False,False,retrospective_method_development,12283853551a97c65d5dd5cda121dea0fa581b57c1a860afbe6258755f7d4db0
ADI+CV2+acf1+peak_ratio+promo_response_index+trailing_zero_share+trend_coef,7,2,197,True,,0.24211544746852798,70.42114623537456,91,106,1:91;2:106,0.5036980292187105,0.5150171569311064,0.23539669774131353,0.7377079682237342,"{""1"": 0.7624543750616553, ""2"": 0.7531665864999199}",0.7531665864999199,True,False,retrospective_method_development,12283853551a97c65d5dd5cda121dea0fa581b57c1a860afbe6258755f7d4db0
ADI+CV2+nonzero_mean+peak_ratio+promo_response_index+trailing_zero_share+trend_coef,7,2,197,True,,0.21775144707157873,64.9706223245599,78,119,1:119;2:78,0.3806210118885766,0.3615752858765546,0.17504201377612683,0.6109374553079601,"{""1"": 0.7142857142857143, ""2"": 0.6263181263181263}",0.6263181263181263,False,False,retrospective_method_development,12283853551a97c65d5dd5cda121dea0fa581b57c1a860afbe6258755f7d4db0
ADI+CV2+acf1+nonzero_mean+peak_ratio+promo_response_index+trailing_zero_share+trend_coef,8,2,197,True,,0.23447878206020636,71.24902846906097,76,121,1:121;2:76,0.5788605147181484,0.5897430338938476,0.27427786062069565,0.8996770961332154,"{""1"": 0.8340978593272171, ""2"": 0.7358909321496512}",0.7358909321496512,False,False,retrospective_method_development,12283853551a97c65d5dd5cda121dea0fa581b57c1a860afbe6258755f7d4db0
