feature_set,sku,full_cluster,subsample_appearances,same_cluster_count,assignment_stability
ADI+CV2,DRMJJ0039,1,408,59,0.14460784313725492
ADI+CV2,FRH0044,1,401,67,0.16708229426433915
ADI+CV2,XGX9992,1,401,73,0.18204488778054864
ADI+CV2,QFSJZ001-1,2,393,151,0.3842239185750636
ADI+CV2,NNB0002,2,405,160,0.3950617283950617
ADI+CV2,XYMZG0016,2,406,164,0.4039408866995074
ADI+CV2,CLSSLT0003,2,400,168,0.42
ADI+CV2,FZLRICBHP0001,2,375,163,0.43466666666666665
ADI+CV2,SLT0003,2,381,183,0.48031496062992124
ADI+CV2,ZJJYZSJBV1AMDE,2,389,187,0.480719794344473
ADI+CV2,JZJ0018,2,392,196,0.5
ADI+CV2,QFSJZ003-1,2,389,204,0.5244215938303342
ADI+CV2,FRC0002,2,406,213,0.5246305418719212
ADI+CV2,ZTD0001,2,399,210,0.5263157894736842
ADI+CV2,DRMJJ0025,2,394,213,0.5406091370558376
ADI+CV2,JZJ0004,2,383,209,0.5456919060052219
ADI+CV2,QCXXC0001,1,414,226,0.5458937198067633
ADI+CV2,LTKF0111,2,392,214,0.5459183673469388
ADI+CV2,DRMJJ0038,1,384,213,0.5546875
ADI+CV2,CLSSLT0006,1,404,226,0.5594059405940595
ADI+CV2,FRW0009,1,407,236,0.5798525798525799
ADI+CV2,FDBLHP0001,2,393,228,0.5801526717557252
ADI+CV2,ZJJSJBV001AMDE,1,404,235,0.5816831683168316
ADI+CV2,FRH0004,1,405,240,0.5925925925925926
ADI+CV2,FRW00023,1,394,238,0.6040609137055838
ADI+CV2,ZBTZ0003,1,400,249,0.6225
ADI+CV2,QFDNZGJK001,1,393,257,0.6539440203562341
ADI+CV2,HWZDSKL0002,1,389,256,0.6580976863753213
ADI+CV2,YBB0001,2,404,266,0.6584158415841584
ADI+CV2,DRMJJ0026,1,401,265,0.6608478802992519
ADI+CV2,LTKF0022,1,396,274,0.6919191919191919
ADI+CV2,xgx0013,1,392,285,0.7270408163265306
ADI+CV2,JZJ0014,1,394,292,0.7411167512690355
ADI+CV2,DRMJJ0020,1,401,307,0.7655860349127181
ADI+CV2,ZJJYZBV001AMDE,1,391,305,0.7800511508951407
ADI+CV2,FRH0028,1,398,314,0.7889447236180904
ADI+CV2,FRH0068,1,395,314,0.7949367088607595
ADI+CV2,XXGP0002,1,386,316,0.8186528497409327
ADI+CV2,JZJ0008,1,402,333,0.8283582089552238
ADI+CV2,KZCWBG001,1,389,323,0.8303341902313625
ADI+CV2,XYMGPD0002,1,409,341,0.8337408312958435
ADI+CV2,XFTW0001,1,402,338,0.8407960199004975
ADI+CV2,JZJ0005,1,402,340,0.845771144278607
ADI+CV2,FRH0065,1,414,352,0.8502415458937198
ADI+CV2,FRH0045,2,401,344,0.85785536159601
ADI+CV2,LTKF098,1,394,345,0.8756345177664975
ADI+CV2,DRMJJ0021,2,401,352,0.8778054862842892
ADI+CV2,FRH0029,1,410,360,0.8780487804878049
ADI+CV2,JZJ00011,1,416,366,0.8798076923076923
ADI+CV2,FZLRJ0001,1,418,370,0.8851674641148325
ADI+CV2,FRW0013,2,393,349,0.8880407124681934
ADI+CV2,DRMJJ0022,1,395,352,0.8911392405063291
ADI+CV2,YDBZ001,1,393,359,0.9134860050890585
ADI+CV2,FRH0049,2,403,369,0.9156327543424317
ADI+CV2,LTKF0008,2,403,369,0.9156327543424317
ADI+CV2,FRW0017,2,408,374,0.9166666666666666
ADI+CV2,WSJZS0002,2,395,365,0.9240506329113924
ADI+CV2,ZJJYZSJSV1AMDE,2,391,364,0.9309462915601023
ADI+CV2,FRW0016,2,393,370,0.9414758269720102
ADI+CV2,QFSJZ002-1,2,387,366,0.9457364341085271
ADI+CV2,LTKF0009,2,415,396,0.9542168674698795
ADI+CV2,QCCXC0004,1,396,380,0.9595959595959596
ADI+CV2,GJMJSLW001,1,391,376,0.9616368286445013
ADI+CV2,SKZ2FT01,1,394,379,0.9619289340101523
ADI+CV2,ZBTZ0002,1,397,382,0.9622166246851386
ADI+CV2,JZJ0019,1,389,375,0.9640102827763496
ADI+CV2,LTKF0101,1,416,402,0.9663461538461539
ADI+CV2,SPH0001,2,403,390,0.967741935483871
ADI+CV2,WSJZS0004,2,379,367,0.9683377308707124
ADI+CV2,DRMJJ0027,2,387,375,0.9689922480620154
ADI+CV2,YKLLW0005,1,390,379,0.9717948717948718
ADI+CV2,ETZP0003,1,390,384,0.9846153846153847
ADI+CV2,SRPDZS0002,2,386,381,0.9870466321243523
ADI+CV2,XYMLRY00001,1,396,391,0.9873737373737373
ADI+CV2,FRW00011,2,417,412,0.988009592326139
ADI+CV2,XGX9995,1,396,392,0.98989898989899
ADI+CV2,SLT0004,2,406,402,0.9901477832512315
ADI+CV2,FRH0040,1,412,408,0.9902912621359223
ADI+CV2,XGX9993,1,398,395,0.992462311557789
ADI+CV2,YJX0024,2,400,397,0.9925
ADI+CV2,DHZXCZP0001,1,387,385,0.9948320413436692
ADI+CV2,GJMJWJXW001,1,391,389,0.9948849104859335
ADI+CV2,zxy0002,2,393,391,0.9949109414758269
ADI+CV2,LYC0201,1,395,393,0.9949367088607595
ADI+CV2,HLGKSLT0001,1,407,405,0.995085995085995
ADI+CV2,ZJJSJSV001AMDE,1,382,381,0.9973821989528796
ADI+CV2,FZLRJ0005,1,387,386,0.9974160206718347
ADI+CV2,BLJZ0001,2,394,393,0.9974619289340102
ADI+CV2,FRW0024,1,394,393,0.9974619289340102
ADI+CV2,BLP0002,1,397,396,0.9974811083123426
ADI+CV2,ETZP0004,1,397,396,0.9974811083123426
ADI+CV2,FRW0015,1,399,398,0.9974937343358395
ADI+CV2,KFYFQ54mm,1,400,399,0.9975
ADI+CV2,LTKF0047,1,402,401,0.9975124378109452
ADI+CV2,BLP0003,2,403,402,0.9975186104218362
ADI+CV2,LTKF0024A,2,403,402,0.9975186104218362
ADI+CV2,LTKF093,1,406,405,0.9975369458128078
ADI+CV2,JZQCQ004,1,407,406,0.9975429975429976
ADI+CV2,QCXDS001,1,412,411,0.9975728155339806
ADI+CV2,BLP0001,1,400,400,1.0
ADI+CV2,BLP0004,2,395,395,1.0
ADI+CV2,CWW0002,1,405,405,1.0
ADI+CV2,DRMJJ0023,1,383,383,1.0
ADI+CV2,FDBLP0001,1,398,398,1.0
ADI+CV2,FRC0003,1,388,388,1.0
ADI+CV2,FRC0010,2,414,414,1.0
ADI+CV2,FRH0001,1,400,400,1.0
ADI+CV2,FRH0002,1,393,393,1.0
ADI+CV2,FRH0003,1,409,409,1.0
ADI+CV2,FRH0031,2,397,397,1.0
ADI+CV2,FRH0033,1,407,407,1.0
ADI+CV2,FRH0034,1,405,405,1.0
ADI+CV2,FRH0035,2,392,392,1.0
ADI+CV2,FRH0037,2,398,398,1.0
ADI+CV2,FRH0042,2,393,393,1.0
ADI+CV2,FRH0043,2,398,398,1.0
ADI+CV2,FRH0046,1,396,396,1.0
ADI+CV2,FRH0047,2,400,400,1.0
ADI+CV2,FRH0048,1,396,396,1.0
ADI+CV2,FRH0050,1,390,390,1.0
ADI+CV2,FRH0051,1,395,395,1.0
ADI+CV2,FRH0056,1,412,412,1.0
ADI+CV2,FRH0056-1,2,410,410,1.0
ADI+CV2,FRH0059,1,396,396,1.0
ADI+CV2,FRH0064,1,393,393,1.0
ADI+CV2,FRW0005,1,393,393,1.0
ADI+CV2,FRW0006,1,407,407,1.0
ADI+CV2,FRW0008,2,398,398,1.0
ADI+CV2,FRW0011,2,389,389,1.0
ADI+CV2,FRW0014,2,404,404,1.0
ADI+CV2,FRW0020,2,408,408,1.0
ADI+CV2,FRW0023,2,389,389,1.0
ADI+CV2,FSTBY001,2,397,397,1.0
ADI+CV2,FZGLS0001,2,397,397,1.0
ADI+CV2,FZGLS0002,2,397,397,1.0
ADI+CV2,FZLRJ0001double,2,399,399,1.0
ADI+CV2,FZLRJ0002,1,402,402,1.0
ADI+CV2,FZLRJ0002double,2,402,402,1.0
ADI+CV2,GJMJWJX001,1,414,414,1.0
ADI+CV2,HSAKSLT0001,2,395,395,1.0
ADI+CV2,HWZDSKL0001,1,391,391,1.0
ADI+CV2,HZSN0001,1,389,389,1.0
ADI+CV2,JZJ00012,1,402,402,1.0
ADI+CV2,JZJ0002,1,400,400,1.0
ADI+CV2,JZJ0003,1,405,405,1.0
ADI+CV2,JZJ0009,1,401,401,1.0
ADI+CV2,JZJ0013,1,399,399,1.0
ADI+CV2,JZJ0016,1,386,386,1.0
ADI+CV2,JZJ0017,2,387,387,1.0
ADI+CV2,JZQCQ001,1,396,396,1.0
ADI+CV2,JZQCQ003,1,408,408,1.0
ADI+CV2,KFYFQ51mm,1,398,398,1.0
ADI+CV2,KFYFQ58mm,1,403,403,1.0
ADI+CV2,KFZ0001,2,399,399,1.0
ADI+CV2,LRKF0001,2,391,391,1.0
ADI+CV2,LTKF0002,2,395,395,1.0
ADI+CV2,LTKF0005A,2,396,396,1.0
ADI+CV2,LTKF0019,1,400,400,1.0
ADI+CV2,LTKF0020,1,410,410,1.0
ADI+CV2,LTKF0021,1,394,394,1.0
ADI+CV2,LTKF0022M,1,399,399,1.0
ADI+CV2,LTKF0031,1,410,410,1.0
ADI+CV2,LTKF0058,2,406,406,1.0
ADI+CV2,LTKF0102,2,402,402,1.0
ADI+CV2,LTKF0106,2,404,404,1.0
ADI+CV2,LTKF098B,1,417,417,1.0
ADI+CV2,LYC0203,2,404,404,1.0
ADI+CV2,NNBZL01,1,401,401,1.0
ADI+CV2,QCCXC0005,1,405,405,1.0
ADI+CV2,QCCXC0007,1,377,377,1.0
ADI+CV2,QCSSXC0005,1,411,411,1.0
ADI+CV2,QCSSXC0006,1,397,397,1.0
ADI+CV2,QCXXC0002,2,410,410,1.0
ADI+CV2,QFDNZGJK002,1,395,395,1.0
ADI+CV2,QFSJZ003,2,410,410,1.0
ADI+CV2,RLHZHMV000AMDE,1,408,408,1.0
ADI+CV2,SKZ3FT01,1,411,411,1.0
ADI+CV2,XHP0001,1,394,394,1.0
ADI+CV2,XHZXCZP0001,1,381,381,1.0
ADI+CV2,XHZXCZP0002,1,398,398,1.0
ADI+CV2,XMJ0004,1,397,397,1.0
ADI+CV2,XMSH0001,1,393,393,1.0
ADI+CV2,XYJ0001,1,405,405,1.0
ADI+CV2,XYMGPD0001,1,394,394,1.0
ADI+CV2,YDBZ002,1,398,398,1.0
ADI+CV2,YDBZLV0001AMDE,2,413,413,1.0
ADI+CV2,YDBZWV0001AMDE,2,392,392,1.0
ADI+CV2,YEC0009,1,390,390,1.0
ADI+CV2,YJLZHMV000AMDE,1,382,382,1.0
ADI+CV2,YJX0025,2,400,400,1.0
ADI+CV2,YXBLJ0001,2,408,408,1.0
ADI+CV2,ZJJYZSJSV2AMDE,2,409,409,1.0
ADI+CV2,ZTD0003,1,396,396,1.0
ADI+CV2,xgx0014,1,388,388,1.0
ADI+CV2,xgx0015,1,393,393,1.0
ADI+CV2,xgx0016,1,410,410,1.0
ADI+CV2,xymzd0015,1,396,396,1.0
ADI+CV2+acf1+nonzero_mean,LTKF0022,2,396,175,0.44191919191919193
ADI+CV2+acf1+nonzero_mean,HWZDSKL0002,2,389,179,0.4601542416452442
ADI+CV2+acf1+nonzero_mean,XYMGPD0002,1,409,206,0.5036674816625917
ADI+CV2+acf1+nonzero_mean,QFDNZGJK001,1,393,229,0.5826972010178118
ADI+CV2+acf1+nonzero_mean,DRMJJ0026,2,401,236,0.5885286783042394
ADI+CV2+acf1+nonzero_mean,QFSJZ003-1,1,389,229,0.5886889460154242
ADI+CV2+acf1+nonzero_mean,DRMJJ0020,2,401,257,0.6408977556109726
ADI+CV2+acf1+nonzero_mean,FDBLHP0001,1,393,253,0.6437659033078881
ADI+CV2+acf1+nonzero_mean,FRH0068,2,395,273,0.6911392405063291
ADI+CV2+acf1+nonzero_mean,XGX9992,2,401,302,0.7531172069825436
ADI+CV2+acf1+nonzero_mean,DRMJJ0022,1,395,313,0.7924050632911392
ADI+CV2+acf1+nonzero_mean,FRH0065,1,414,329,0.7946859903381642
ADI+CV2+acf1+nonzero_mean,XGX9993,2,398,331,0.8316582914572864
ADI+CV2+acf1+nonzero_mean,JZJ0018,1,392,327,0.8341836734693877
ADI+CV2+acf1+nonzero_mean,xgx0014,1,388,330,0.8505154639175257
ADI+CV2+acf1+nonzero_mean,FRH0034,1,405,345,0.8518518518518519
ADI+CV2+acf1+nonzero_mean,xgx0015,1,393,338,0.8600508905852418
ADI+CV2+acf1+nonzero_mean,CLSSLT0003,2,400,349,0.8725
ADI+CV2+acf1+nonzero_mean,xgx0016,1,410,358,0.8731707317073171
ADI+CV2+acf1+nonzero_mean,BLP0002,1,397,347,0.8740554156171285
ADI+CV2+acf1+nonzero_mean,FRH0028,2,398,348,0.8743718592964824
ADI+CV2+acf1+nonzero_mean,JZJ00011,1,416,370,0.8894230769230769
ADI+CV2+acf1+nonzero_mean,YJLZHMV000AMDE,1,382,340,0.8900523560209425
ADI+CV2+acf1+nonzero_mean,FZLRICBHP0001,1,375,334,0.8906666666666667
ADI+CV2+acf1+nonzero_mean,KFYFQ51mm,1,398,356,0.8944723618090452
ADI+CV2+acf1+nonzero_mean,ZBTZ0003,2,400,358,0.895
ADI+CV2+acf1+nonzero_mean,SLT0003,2,381,342,0.8976377952755905
ADI+CV2+acf1+nonzero_mean,FRH0050,1,390,352,0.9025641025641026
ADI+CV2+acf1+nonzero_mean,JZJ0014,2,394,358,0.9086294416243654
ADI+CV2+acf1+nonzero_mean,JZJ0016,1,386,351,0.9093264248704663
ADI+CV2+acf1+nonzero_mean,JZJ0005,1,402,367,0.9129353233830846
ADI+CV2+acf1+nonzero_mean,xgx0013,2,392,359,0.9158163265306123
ADI+CV2+acf1+nonzero_mean,FRH0029,2,410,376,0.9170731707317074
ADI+CV2+acf1+nonzero_mean,QFSJZ001-1,1,393,362,0.9211195928753181
ADI+CV2+acf1+nonzero_mean,LTKF0008,2,403,373,0.9255583126550868
ADI+CV2+acf1+nonzero_mean,FRC0003,1,388,362,0.9329896907216495
ADI+CV2+acf1+nonzero_mean,ZJJYZSJBV1AMDE,2,389,363,0.9331619537275064
ADI+CV2+acf1+nonzero_mean,DRMJJ0021,2,401,377,0.940149625935162
ADI+CV2+acf1+nonzero_mean,XFTW0001,1,402,378,0.9402985074626866
ADI+CV2+acf1+nonzero_mean,FRW0009,2,407,383,0.941031941031941
ADI+CV2+acf1+nonzero_mean,FRW00023,2,394,371,0.9416243654822335
ADI+CV2+acf1+nonzero_mean,QCXXC0001,2,414,390,0.9420289855072463
ADI+CV2+acf1+nonzero_mean,FRH0049,2,403,381,0.9454094292803971
ADI+CV2+acf1+nonzero_mean,SLT0004,2,406,384,0.9458128078817734
ADI+CV2+acf1+nonzero_mean,ZJJSJBV001AMDE,2,404,383,0.948019801980198
ADI+CV2+acf1+nonzero_mean,DRMJJ0038,2,384,366,0.953125
ADI+CV2+acf1+nonzero_mean,LTKF0111,2,392,374,0.9540816326530612
ADI+CV2+acf1+nonzero_mean,XYMLRY00001,2,396,378,0.9545454545454546
ADI+CV2+acf1+nonzero_mean,FRW0013,1,393,377,0.9592875318066157
ADI+CV2+acf1+nonzero_mean,DRMJJ0025,2,394,378,0.9593908629441624
ADI+CV2+acf1+nonzero_mean,CLSSLT0006,2,404,388,0.9603960396039604
ADI+CV2+acf1+nonzero_mean,JZJ0004,2,383,368,0.9608355091383812
ADI+CV2+acf1+nonzero_mean,SRPDZS0002,2,386,371,0.961139896373057
ADI+CV2+acf1+nonzero_mean,DRMJJ0039,2,408,394,0.9656862745098039
ADI+CV2+acf1+nonzero_mean,FRH0002,1,393,380,0.9669211195928753
ADI+CV2+acf1+nonzero_mean,ZBTZ0002,1,397,384,0.9672544080604534
ADI+CV2+acf1+nonzero_mean,LTKF0019,1,400,387,0.9675
ADI+CV2+acf1+nonzero_mean,FRH0044,2,401,388,0.9675810473815462
ADI+CV2+acf1+nonzero_mean,LTKF0002,2,395,384,0.9721518987341772
ADI+CV2+acf1+nonzero_mean,KZCWBG001,1,389,379,0.974293059125964
ADI+CV2+acf1+nonzero_mean,LTKF093,1,406,396,0.9753694581280788
ADI+CV2+acf1+nonzero_mean,FRH0047,2,400,391,0.9775
ADI+CV2+acf1+nonzero_mean,FRW0016,2,393,385,0.9796437659033079
ADI+CV2+acf1+nonzero_mean,FRW0017,1,408,400,0.9803921568627451
ADI+CV2+acf1+nonzero_mean,LTKF0009,2,415,407,0.980722891566265
ADI+CV2+acf1+nonzero_mean,LTKF098B,1,417,409,0.9808153477218226
ADI+CV2+acf1+nonzero_mean,YBB0001,1,404,397,0.9826732673267327
ADI+CV2+acf1+nonzero_mean,QFDNZGJK002,1,395,390,0.9873417721518988
ADI+CV2+acf1+nonzero_mean,DHZXCZP0001,1,387,383,0.9896640826873385
ADI+CV2+acf1+nonzero_mean,LRKF0001,1,391,387,0.989769820971867
ADI+CV2+acf1+nonzero_mean,ETZP0004,1,397,393,0.9899244332493703
ADI+CV2+acf1+nonzero_mean,ZTD0001,1,399,395,0.9899749373433584
ADI+CV2+acf1+nonzero_mean,FZLRJ0005,1,387,384,0.9922480620155039
ADI+CV2+acf1+nonzero_mean,ETZP0003,1,390,387,0.9923076923076923
ADI+CV2+acf1+nonzero_mean,FRH0064,1,393,390,0.9923664122137404
ADI+CV2+acf1+nonzero_mean,QCSSXC0006,1,397,394,0.9924433249370277
ADI+CV2+acf1+nonzero_mean,LTKF0047,1,402,399,0.9925373134328358
ADI+CV2+acf1+nonzero_mean,SPH0001,1,403,400,0.9925558312655087
ADI+CV2+acf1+nonzero_mean,FRH0004,1,405,402,0.9925925925925926
ADI+CV2+acf1+nonzero_mean,FRC0002,1,406,403,0.9926108374384236
ADI+CV2+acf1+nonzero_mean,XYMZG0016,1,406,403,0.9926108374384236
ADI+CV2+acf1+nonzero_mean,JZQCQ004,1,407,404,0.9926289926289926
ADI+CV2+acf1+nonzero_mean,FRH0040,1,412,409,0.9927184466019418
ADI+CV2+acf1+nonzero_mean,WSJZS0004,1,379,377,0.9947229551451188
ADI+CV2+acf1+nonzero_mean,ZJJSJSV001AMDE,1,382,380,0.9947643979057592
ADI+CV2+acf1+nonzero_mean,DRMJJ0027,2,387,385,0.9948320413436692
ADI+CV2+acf1+nonzero_mean,ZJJYZSJSV1AMDE,1,391,389,0.9948849104859335
ADI+CV2+acf1+nonzero_mean,LYC0201,1,395,393,0.9949367088607595
ADI+CV2+acf1+nonzero_mean,WSJZS0002,1,395,393,0.9949367088607595
ADI+CV2+acf1+nonzero_mean,XGX9995,1,396,394,0.9949494949494949
ADI+CV2+acf1+nonzero_mean,NNBZL01,1,401,399,0.9950124688279302
ADI+CV2+acf1+nonzero_mean,FRW0014,2,404,402,0.995049504950495
ADI+CV2+acf1+nonzero_mean,NNB0002,1,405,403,0.9950617283950617
ADI+CV2+acf1+nonzero_mean,QCCXC0005,1,405,403,0.9950617283950617
ADI+CV2+acf1+nonzero_mean,QCSSXC0005,1,411,409,0.9951338199513382
ADI+CV2+acf1+nonzero_mean,QFSJZ002-1,2,387,386,0.9974160206718347
ADI+CV2+acf1+nonzero_mean,YKLLW0005,1,390,389,0.9974358974358974
ADI+CV2+acf1+nonzero_mean,HWZDSKL0001,1,391,390,0.9974424552429667
ADI+CV2+acf1+nonzero_mean,FRW0024,1,394,393,0.9974619289340102
ADI+CV2+acf1+nonzero_mean,YJX0024,2,400,399,0.9975
ADI+CV2+acf1+nonzero_mean,FRH0045,1,401,400,0.9975062344139651
ADI+CV2+acf1+nonzero_mean,FRW00011,2,417,416,0.9976019184652278
ADI+CV2+acf1+nonzero_mean,BLJZ0001,2,394,394,1.0
ADI+CV2+acf1+nonzero_mean,BLP0001,1,400,400,1.0
ADI+CV2+acf1+nonzero_mean,BLP0003,2,403,403,1.0
ADI+CV2+acf1+nonzero_mean,BLP0004,2,395,395,1.0
ADI+CV2+acf1+nonzero_mean,CWW0002,1,405,405,1.0
ADI+CV2+acf1+nonzero_mean,DRMJJ0023,1,383,383,1.0
ADI+CV2+acf1+nonzero_mean,FDBLP0001,1,398,398,1.0
ADI+CV2+acf1+nonzero_mean,FRC0010,2,414,414,1.0
ADI+CV2+acf1+nonzero_mean,FRH0001,1,400,400,1.0
ADI+CV2+acf1+nonzero_mean,FRH0003,1,409,409,1.0
ADI+CV2+acf1+nonzero_mean,FRH0031,2,397,397,1.0
ADI+CV2+acf1+nonzero_mean,FRH0033,1,407,407,1.0
ADI+CV2+acf1+nonzero_mean,FRH0035,2,392,392,1.0
ADI+CV2+acf1+nonzero_mean,FRH0037,2,398,398,1.0
ADI+CV2+acf1+nonzero_mean,FRH0042,2,393,393,1.0
ADI+CV2+acf1+nonzero_mean,FRH0043,2,398,398,1.0
ADI+CV2+acf1+nonzero_mean,FRH0046,1,396,396,1.0
ADI+CV2+acf1+nonzero_mean,FRH0048,1,396,396,1.0
ADI+CV2+acf1+nonzero_mean,FRH0051,1,395,395,1.0
ADI+CV2+acf1+nonzero_mean,FRH0056,1,412,412,1.0
ADI+CV2+acf1+nonzero_mean,FRH0056-1,2,410,410,1.0
ADI+CV2+acf1+nonzero_mean,FRH0059,1,396,396,1.0
ADI+CV2+acf1+nonzero_mean,FRW0005,1,393,393,1.0
ADI+CV2+acf1+nonzero_mean,FRW0006,1,407,407,1.0
ADI+CV2+acf1+nonzero_mean,FRW0008,2,398,398,1.0
ADI+CV2+acf1+nonzero_mean,FRW0011,2,389,389,1.0
ADI+CV2+acf1+nonzero_mean,FRW0015,1,399,399,1.0
ADI+CV2+acf1+nonzero_mean,FRW0020,2,408,408,1.0
ADI+CV2+acf1+nonzero_mean,FRW0023,2,389,389,1.0
ADI+CV2+acf1+nonzero_mean,FSTBY001,2,397,397,1.0
ADI+CV2+acf1+nonzero_mean,FZGLS0001,2,397,397,1.0
ADI+CV2+acf1+nonzero_mean,FZGLS0002,2,397,397,1.0
ADI+CV2+acf1+nonzero_mean,FZLRJ0001,1,418,418,1.0
ADI+CV2+acf1+nonzero_mean,FZLRJ0001double,2,399,399,1.0
ADI+CV2+acf1+nonzero_mean,FZLRJ0002,1,402,402,1.0
ADI+CV2+acf1+nonzero_mean,FZLRJ0002double,2,402,402,1.0
ADI+CV2+acf1+nonzero_mean,GJMJSLW001,1,391,391,1.0
ADI+CV2+acf1+nonzero_mean,GJMJWJX001,1,414,414,1.0
ADI+CV2+acf1+nonzero_mean,GJMJWJXW001,1,391,391,1.0
ADI+CV2+acf1+nonzero_mean,HLGKSLT0001,1,407,407,1.0
ADI+CV2+acf1+nonzero_mean,HSAKSLT0001,2,395,395,1.0
ADI+CV2+acf1+nonzero_mean,HZSN0001,1,389,389,1.0
ADI+CV2+acf1+nonzero_mean,JZJ00012,1,402,402,1.0
ADI+CV2+acf1+nonzero_mean,JZJ0002,1,400,400,1.0
ADI+CV2+acf1+nonzero_mean,JZJ0003,1,405,405,1.0
ADI+CV2+acf1+nonzero_mean,JZJ0008,1,402,402,1.0
ADI+CV2+acf1+nonzero_mean,JZJ0009,1,401,401,1.0
ADI+CV2+acf1+nonzero_mean,JZJ0013,1,399,399,1.0
ADI+CV2+acf1+nonzero_mean,JZJ0017,2,387,387,1.0
ADI+CV2+acf1+nonzero_mean,JZJ0019,1,389,389,1.0
ADI+CV2+acf1+nonzero_mean,JZQCQ001,1,396,396,1.0
ADI+CV2+acf1+nonzero_mean,JZQCQ003,1,408,408,1.0
ADI+CV2+acf1+nonzero_mean,KFYFQ54mm,1,400,400,1.0
ADI+CV2+acf1+nonzero_mean,KFYFQ58mm,1,403,403,1.0
ADI+CV2+acf1+nonzero_mean,KFZ0001,2,399,399,1.0
ADI+CV2+acf1+nonzero_mean,LTKF0005A,2,396,396,1.0
ADI+CV2+acf1+nonzero_mean,LTKF0020,1,410,410,1.0
ADI+CV2+acf1+nonzero_mean,LTKF0021,1,394,394,1.0
ADI+CV2+acf1+nonzero_mean,LTKF0022M,1,399,399,1.0
ADI+CV2+acf1+nonzero_mean,LTKF0024A,2,403,403,1.0
ADI+CV2+acf1+nonzero_mean,LTKF0031,1,410,410,1.0
ADI+CV2+acf1+nonzero_mean,LTKF0058,2,406,406,1.0
ADI+CV2+acf1+nonzero_mean,LTKF0101,1,416,416,1.0
ADI+CV2+acf1+nonzero_mean,LTKF0102,2,402,402,1.0
ADI+CV2+acf1+nonzero_mean,LTKF0106,2,404,404,1.0
ADI+CV2+acf1+nonzero_mean,LTKF098,1,394,394,1.0
ADI+CV2+acf1+nonzero_mean,LYC0203,2,404,404,1.0
ADI+CV2+acf1+nonzero_mean,QCCXC0004,1,396,396,1.0
ADI+CV2+acf1+nonzero_mean,QCCXC0007,1,377,377,1.0
ADI+CV2+acf1+nonzero_mean,QCXDS001,1,412,412,1.0
ADI+CV2+acf1+nonzero_mean,QCXXC0002,2,410,410,1.0
ADI+CV2+acf1+nonzero_mean,QFSJZ003,2,410,410,1.0
ADI+CV2+acf1+nonzero_mean,RLHZHMV000AMDE,1,408,408,1.0
ADI+CV2+acf1+nonzero_mean,SKZ2FT01,1,394,394,1.0
ADI+CV2+acf1+nonzero_mean,SKZ3FT01,1,411,411,1.0
ADI+CV2+acf1+nonzero_mean,XHP0001,1,394,394,1.0
ADI+CV2+acf1+nonzero_mean,XHZXCZP0001,1,381,381,1.0
ADI+CV2+acf1+nonzero_mean,XHZXCZP0002,1,398,398,1.0
ADI+CV2+acf1+nonzero_mean,XMJ0004,1,397,397,1.0
ADI+CV2+acf1+nonzero_mean,XMSH0001,1,393,393,1.0
ADI+CV2+acf1+nonzero_mean,XXGP0002,1,386,386,1.0
ADI+CV2+acf1+nonzero_mean,XYJ0001,1,405,405,1.0
ADI+CV2+acf1+nonzero_mean,XYMGPD0001,1,394,394,1.0
ADI+CV2+acf1+nonzero_mean,YDBZ001,1,393,393,1.0
ADI+CV2+acf1+nonzero_mean,YDBZ002,1,398,398,1.0
ADI+CV2+acf1+nonzero_mean,YDBZLV0001AMDE,2,413,413,1.0
ADI+CV2+acf1+nonzero_mean,YDBZWV0001AMDE,2,392,392,1.0
ADI+CV2+acf1+nonzero_mean,YEC0009,1,390,390,1.0
ADI+CV2+acf1+nonzero_mean,YJX0025,2,400,400,1.0
ADI+CV2+acf1+nonzero_mean,YXBLJ0001,2,408,408,1.0
ADI+CV2+acf1+nonzero_mean,ZJJYZBV001AMDE,1,391,391,1.0
ADI+CV2+acf1+nonzero_mean,ZJJYZSJSV2AMDE,2,409,409,1.0
ADI+CV2+acf1+nonzero_mean,ZTD0003,1,396,396,1.0
ADI+CV2+acf1+nonzero_mean,xymzd0015,1,396,396,1.0
ADI+CV2+acf1+nonzero_mean,zxy0002,2,393,393,1.0
ADI+CV2+peak_ratio,FRW0013,1,393,54,0.13740458015267176
ADI+CV2+peak_ratio,FRH0045,1,401,67,0.16708229426433915
ADI+CV2+peak_ratio,YBB0001,1,404,145,0.3589108910891089
ADI+CV2+peak_ratio,FDBLHP0001,1,393,160,0.4071246819338422
ADI+CV2+peak_ratio,JZJ0004,1,383,173,0.4516971279373368
ADI+CV2+peak_ratio,FRC0002,1,406,192,0.4729064039408867
ADI+CV2+peak_ratio,QFSJZ003-1,1,389,192,0.493573264781491
ADI+CV2+peak_ratio,ZTD0001,1,399,199,0.49874686716791977
ADI+CV2+peak_ratio,DRMJJ0025,1,394,223,0.565989847715736
ADI+CV2+peak_ratio,LTKF0111,1,392,223,0.5688775510204082
ADI+CV2+peak_ratio,JZJ0018,1,392,225,0.5739795918367347
ADI+CV2+peak_ratio,ZJJSJBV001AMDE,1,404,233,0.5767326732673267
ADI+CV2+peak_ratio,FRW0009,1,407,243,0.597051597051597
ADI+CV2+peak_ratio,ZJJYZSJBV1AMDE,1,389,235,0.6041131105398457
ADI+CV2+peak_ratio,QCXXC0001,1,414,252,0.6086956521739131
ADI+CV2+peak_ratio,XYMZG0016,1,406,253,0.6231527093596059
ADI+CV2+peak_ratio,xgx0013,1,392,252,0.6428571428571429
ADI+CV2+peak_ratio,CLSSLT0006,1,404,280,0.693069306930693
ADI+CV2+peak_ratio,FZLRICBHP0001,1,375,268,0.7146666666666667
ADI+CV2+peak_ratio,DRMJJ0038,1,384,276,0.71875
ADI+CV2+peak_ratio,NNB0002,1,405,294,0.725925925925926
ADI+CV2+peak_ratio,DRMJJ0026,1,401,292,0.7281795511221946
ADI+CV2+peak_ratio,FRW00023,1,394,288,0.7309644670050761
ADI+CV2+peak_ratio,XYMGPD0002,1,409,304,0.7432762836185819
ADI+CV2+peak_ratio,XXGP0002,1,386,288,0.7461139896373057
ADI+CV2+peak_ratio,XFTW0001,1,402,305,0.7587064676616916
ADI+CV2+peak_ratio,XGX9995,1,396,301,0.76010101010101
ADI+CV2+peak_ratio,FRH0004,1,405,309,0.762962962962963
ADI+CV2+peak_ratio,QFDNZGJK001,1,393,302,0.7684478371501272
ADI+CV2+peak_ratio,LTKF0022,1,396,305,0.7702020202020202
ADI+CV2+peak_ratio,XGX9993,1,398,310,0.7788944723618091
ADI+CV2+peak_ratio,SLT0003,1,381,302,0.7926509186351706
ADI+CV2+peak_ratio,HWZDSKL0002,1,389,312,0.8020565552699229
ADI+CV2+peak_ratio,FRH0028,1,398,322,0.8090452261306532
ADI+CV2+peak_ratio,ZJJYZBV001AMDE,1,391,320,0.8184143222506394
ADI+CV2+peak_ratio,JZJ0008,1,402,334,0.8308457711442786
ADI+CV2+peak_ratio,ZBTZ0003,1,400,339,0.8475
ADI+CV2+peak_ratio,SKZ2FT01,1,394,335,0.850253807106599
ADI+CV2+peak_ratio,QFSJZ001-1,1,393,338,0.8600508905852418
ADI+CV2+peak_ratio,JZJ00011,1,416,358,0.8605769230769231
ADI+CV2+peak_ratio,FRH0029,1,410,353,0.8609756097560975
ADI+CV2+peak_ratio,DRMJJ0021,2,401,346,0.8628428927680798
ADI+CV2+peak_ratio,YEC0009,1,390,340,0.8717948717948718
ADI+CV2+peak_ratio,QCCXC0005,1,405,355,0.8765432098765432
ADI+CV2+peak_ratio,QFDNZGJK002,1,395,348,0.8810126582278481
ADI+CV2+peak_ratio,XMJ0004,1,397,350,0.8816120906801007
ADI+CV2+peak_ratio,XYMLRY00001,1,396,354,0.8939393939393939
ADI+CV2+peak_ratio,JZJ0019,1,389,351,0.9023136246786633
ADI+CV2+peak_ratio,DRMJJ0022,1,395,357,0.9037974683544304
ADI+CV2+peak_ratio,KFYFQ54mm,1,400,363,0.9075
ADI+CV2+peak_ratio,CLSSLT0003,1,400,366,0.915
ADI+CV2+peak_ratio,FZLRJ0005,1,387,356,0.9198966408268734
ADI+CV2+peak_ratio,FRH0044,2,401,371,0.9251870324189526
ADI+CV2+peak_ratio,XGX9992,2,401,372,0.9276807980049875
ADI+CV2+peak_ratio,JZJ0003,1,405,378,0.9333333333333333
ADI+CV2+peak_ratio,DRMJJ0039,2,408,381,0.9338235294117647
ADI+CV2+peak_ratio,LTKF098,1,394,368,0.934010152284264
ADI+CV2+peak_ratio,FRW0016,2,393,368,0.9363867684478372
ADI+CV2+peak_ratio,JZJ0009,1,401,376,0.9376558603491272
ADI+CV2+peak_ratio,QFSJZ002-1,2,387,364,0.9405684754521964
ADI+CV2+peak_ratio,LTKF0101,1,416,393,0.9447115384615384
ADI+CV2+peak_ratio,ZJJYZSJSV1AMDE,2,391,372,0.9514066496163683
ADI+CV2+peak_ratio,LTKF098B,1,417,397,0.9520383693045563
ADI+CV2+peak_ratio,FRH0065,1,414,399,0.9637681159420289
ADI+CV2+peak_ratio,KZCWBG001,1,389,375,0.9640102827763496
ADI+CV2+peak_ratio,JZJ0005,1,402,388,0.9651741293532339
ADI+CV2+peak_ratio,FZLRJ0001,1,418,406,0.9712918660287081
ADI+CV2+peak_ratio,JZJ0014,1,394,383,0.9720812182741116
ADI+CV2+peak_ratio,FRH0049,2,403,392,0.9727047146401985
ADI+CV2+peak_ratio,LTKF0008,2,403,393,0.9751861042183623
ADI+CV2+peak_ratio,SKZ3FT01,1,411,403,0.9805352798053528
ADI+CV2+peak_ratio,DRMJJ0027,2,387,380,0.9819121447028424
ADI+CV2+peak_ratio,FRH0064,1,393,386,0.9821882951653944
ADI+CV2+peak_ratio,xymzd0015,1,396,389,0.9823232323232324
ADI+CV2+peak_ratio,FRW0017,2,408,401,0.9828431372549019
ADI+CV2+peak_ratio,LTKF0009,2,415,408,0.983132530120482
ADI+CV2+peak_ratio,DHZXCZP0001,1,387,381,0.9844961240310077
ADI+CV2+peak_ratio,FRH0048,1,396,390,0.9848484848484849
ADI+CV2+peak_ratio,JZQCQ001,1,396,390,0.9848484848484849
ADI+CV2+peak_ratio,XHZXCZP0002,1,398,392,0.9849246231155779
ADI+CV2+peak_ratio,WSJZS0004,2,379,374,0.9868073878627969
ADI+CV2+peak_ratio,JZJ0013,1,399,394,0.9874686716791979
ADI+CV2+peak_ratio,FZLRJ0002double,2,402,397,0.9875621890547264
ADI+CV2+peak_ratio,HLGKSLT0001,1,407,402,0.9877149877149877
ADI+CV2+peak_ratio,xgx0016,1,410,405,0.9878048780487805
ADI+CV2+peak_ratio,HZSN0001,1,389,385,0.9897172236503856
ADI+CV2+peak_ratio,FRW0005,1,393,389,0.989821882951654
ADI+CV2+peak_ratio,YDBZ001,1,393,389,0.989821882951654
ADI+CV2+peak_ratio,LTKF0021,1,394,390,0.9898477157360406
ADI+CV2+peak_ratio,XYMGPD0001,1,394,390,0.9898477157360406
ADI+CV2+peak_ratio,FRH0051,1,395,391,0.9898734177215189
ADI+CV2+peak_ratio,FRH0068,1,395,391,0.9898734177215189
ADI+CV2+peak_ratio,DRMJJ0020,1,401,397,0.9900249376558603
ADI+CV2+peak_ratio,KFYFQ58mm,1,403,399,0.9900744416873449
ADI+CV2+peak_ratio,LTKF0024A,2,403,399,0.9900744416873449
ADI+CV2+peak_ratio,LTKF0020,1,410,406,0.9902439024390244
ADI+CV2+peak_ratio,WSJZS0002,2,395,392,0.9924050632911392
ADI+CV2+peak_ratio,FRH0043,2,398,395,0.992462311557789
ADI+CV2+peak_ratio,KFYFQ51mm,1,398,395,0.992462311557789
ADI+CV2+peak_ratio,BLP0001,1,400,397,0.9925
ADI+CV2+peak_ratio,JZJ0002,1,400,397,0.9925
ADI+CV2+peak_ratio,SPH0001,2,403,400,0.9925558312655087
ADI+CV2+peak_ratio,FRH0034,1,405,402,0.9925925925925926
ADI+CV2+peak_ratio,FRH0056,1,412,409,0.9927184466019418
ADI+CV2+peak_ratio,DRMJJ0023,1,383,381,0.9947780678851175
ADI+CV2+peak_ratio,FRH0037,2,398,396,0.9949748743718593
ADI+CV2+peak_ratio,ETZP0003,1,390,389,0.9974358974358974
ADI+CV2+peak_ratio,LRKF0001,2,391,390,0.9974424552429667
ADI+CV2+peak_ratio,FRH0001,1,400,399,0.9975
ADI+CV2+peak_ratio,LTKF0047,1,402,401,0.9975124378109452
ADI+CV2+peak_ratio,LTKF0102,2,402,401,0.9975124378109452
ADI+CV2+peak_ratio,BLP0003,2,403,402,0.9975186104218362
ADI+CV2+peak_ratio,FRH0040,1,412,411,0.9975728155339806
ADI+CV2+peak_ratio,FRW00011,2,417,416,0.9976019184652278
ADI+CV2+peak_ratio,BLJZ0001,2,394,394,1.0
ADI+CV2+peak_ratio,BLP0002,1,397,397,1.0
ADI+CV2+peak_ratio,BLP0004,2,395,395,1.0
ADI+CV2+peak_ratio,CWW0002,1,405,405,1.0
ADI+CV2+peak_ratio,ETZP0004,1,397,397,1.0
ADI+CV2+peak_ratio,FDBLP0001,1,398,398,1.0
ADI+CV2+peak_ratio,FRC0003,1,388,388,1.0
ADI+CV2+peak_ratio,FRC0010,2,414,414,1.0
ADI+CV2+peak_ratio,FRH0002,1,393,393,1.0
ADI+CV2+peak_ratio,FRH0003,1,409,409,1.0
ADI+CV2+peak_ratio,FRH0031,2,397,397,1.0
ADI+CV2+peak_ratio,FRH0033,1,407,407,1.0
ADI+CV2+peak_ratio,FRH0035,2,392,392,1.0
ADI+CV2+peak_ratio,FRH0042,2,393,393,1.0
ADI+CV2+peak_ratio,FRH0046,1,396,396,1.0
ADI+CV2+peak_ratio,FRH0047,2,400,400,1.0
ADI+CV2+peak_ratio,FRH0050,1,390,390,1.0
ADI+CV2+peak_ratio,FRH0056-1,2,410,410,1.0
ADI+CV2+peak_ratio,FRH0059,1,396,396,1.0
ADI+CV2+peak_ratio,FRW0006,1,407,407,1.0
ADI+CV2+peak_ratio,FRW0008,2,398,398,1.0
ADI+CV2+peak_ratio,FRW0011,2,389,389,1.0
ADI+CV2+peak_ratio,FRW0014,2,404,404,1.0
ADI+CV2+peak_ratio,FRW0015,1,399,399,1.0
ADI+CV2+peak_ratio,FRW0020,2,408,408,1.0
ADI+CV2+peak_ratio,FRW0023,2,389,389,1.0
ADI+CV2+peak_ratio,FRW0024,1,394,394,1.0
ADI+CV2+peak_ratio,FSTBY001,2,397,397,1.0
ADI+CV2+peak_ratio,FZGLS0001,2,397,397,1.0
ADI+CV2+peak_ratio,FZGLS0002,2,397,397,1.0
ADI+CV2+peak_ratio,FZLRJ0001double,2,399,399,1.0
ADI+CV2+peak_ratio,FZLRJ0002,1,402,402,1.0
ADI+CV2+peak_ratio,GJMJSLW001,1,391,391,1.0
ADI+CV2+peak_ratio,GJMJWJX001,1,414,414,1.0
ADI+CV2+peak_ratio,GJMJWJXW001,1,391,391,1.0
ADI+CV2+peak_ratio,HSAKSLT0001,2,395,395,1.0
ADI+CV2+peak_ratio,HWZDSKL0001,1,391,391,1.0
ADI+CV2+peak_ratio,JZJ00012,1,402,402,1.0
ADI+CV2+peak_ratio,JZJ0016,1,386,386,1.0
ADI+CV2+peak_ratio,JZJ0017,2,387,387,1.0
ADI+CV2+peak_ratio,JZQCQ003,1,408,408,1.0
ADI+CV2+peak_ratio,JZQCQ004,1,407,407,1.0
ADI+CV2+peak_ratio,KFZ0001,2,399,399,1.0
ADI+CV2+peak_ratio,LTKF0002,2,395,395,1.0
ADI+CV2+peak_ratio,LTKF0005A,2,396,396,1.0
ADI+CV2+peak_ratio,LTKF0019,1,400,400,1.0
ADI+CV2+peak_ratio,LTKF0022M,1,399,399,1.0
ADI+CV2+peak_ratio,LTKF0031,1,410,410,1.0
ADI+CV2+peak_ratio,LTKF0058,2,406,406,1.0
ADI+CV2+peak_ratio,LTKF0106,2,404,404,1.0
ADI+CV2+peak_ratio,LTKF093,1,406,406,1.0
ADI+CV2+peak_ratio,LYC0201,1,395,395,1.0
ADI+CV2+peak_ratio,LYC0203,2,404,404,1.0
ADI+CV2+peak_ratio,NNBZL01,1,401,401,1.0
ADI+CV2+peak_ratio,QCCXC0004,1,396,396,1.0
ADI+CV2+peak_ratio,QCCXC0007,1,377,377,1.0
ADI+CV2+peak_ratio,QCSSXC0005,1,411,411,1.0
ADI+CV2+peak_ratio,QCSSXC0006,1,397,397,1.0
ADI+CV2+peak_ratio,QCXDS001,1,412,412,1.0
ADI+CV2+peak_ratio,QCXXC0002,2,410,410,1.0
ADI+CV2+peak_ratio,QFSJZ003,2,410,410,1.0
ADI+CV2+peak_ratio,RLHZHMV000AMDE,1,408,408,1.0
ADI+CV2+peak_ratio,SLT0004,2,406,406,1.0
ADI+CV2+peak_ratio,SRPDZS0002,2,386,386,1.0
ADI+CV2+peak_ratio,XHP0001,1,394,394,1.0
ADI+CV2+peak_ratio,XHZXCZP0001,1,381,381,1.0
ADI+CV2+peak_ratio,XMSH0001,1,393,393,1.0
ADI+CV2+peak_ratio,XYJ0001,1,405,405,1.0
ADI+CV2+peak_ratio,YDBZ002,1,398,398,1.0
ADI+CV2+peak_ratio,YDBZLV0001AMDE,2,413,413,1.0
ADI+CV2+peak_ratio,YDBZWV0001AMDE,2,392,392,1.0
ADI+CV2+peak_ratio,YJLZHMV000AMDE,1,382,382,1.0
ADI+CV2+peak_ratio,YJX0024,2,400,400,1.0
ADI+CV2+peak_ratio,YJX0025,2,400,400,1.0
ADI+CV2+peak_ratio,YKLLW0005,1,390,390,1.0
ADI+CV2+peak_ratio,YXBLJ0001,2,408,408,1.0
ADI+CV2+peak_ratio,ZBTZ0002,1,397,397,1.0
ADI+CV2+peak_ratio,ZJJSJSV001AMDE,1,382,382,1.0
ADI+CV2+peak_ratio,ZJJYZSJSV2AMDE,2,409,409,1.0
ADI+CV2+peak_ratio,ZTD0003,1,396,396,1.0
ADI+CV2+peak_ratio,xgx0014,1,388,388,1.0
ADI+CV2+peak_ratio,xgx0015,1,393,393,1.0
ADI+CV2+peak_ratio,zxy0002,2,393,393,1.0
