analysis_mode,selection_status,feature_set,sku,full_cluster,subsample_appearances,same_cluster_count,assignment_stability,n_observed,n_positive,n_zero,total_sales,mean_sales,median_sales,std_sales,nonzero_mean,CV2,ADI,zero_ratio,approx_entropy,trailing_zero_share,acf1,acf1_zero_variance,trend_coef,seasonality_idx,peak_ratio,promo_weight_ratio,promo_window_weight_mean,promo_response_index
retrospective_method_development,provisional_downstream_recommendation,ADI+CV2+acf1+nonzero_mean,LTKF0022,2,396,175,0.4419191919191919,104,12,92,25.0,0.2403846153846154,0.0,0.8757265201039894,2.083333333333333,0.6894545454545452,8.666666666666666,0.8846153846153846,0.1804390502211065,0.1923076923076923,0.5439114391143897,False,0.3003956043956043,0.1624792032236232,2.88,0.5257142857142858,1.2513736263736266,0.4201097694840834
retrospective_method_development,provisional_downstream_recommendation,ADI+CV2+acf1+nonzero_mean,HWZDSKL0002,2,389,179,0.4601542416452442,135,11,124,29.0,0.2148148148148148,0.0,0.9334991560819692,2.636363636363636,0.6696789536266349,12.272727272727272,0.9185185185185184,0.2415395637311326,0.1333333333333333,0.528802506233619,False,0.0656975433851701,0.0,3.03448275862069,1.2758620689655171,1.197883597883598,1.0650968685268674
retrospective_method_development,provisional_downstream_recommendation,ADI+CV2+acf1+nonzero_mean,XYMGPD0002,1,409,206,0.5036674816625917,30,11,19,20.0,0.6666666666666666,0.0,1.0613372610104648,1.818181818181818,0.2915,2.727272727272727,0.6333333333333333,0.3843401927631906,0.4,0.4721627408993577,False,-0.3193548387096775,,1.65,1.2571428571428571,1.0238095238095235,1.2279069767441864
retrospective_method_development,provisional_downstream_recommendation,ADI+CV2+acf1+nonzero_mean,QFDNZGJK001,1,393,229,0.5826972010178118,30,8,22,20.0,0.6666666666666666,0.0,1.3217891045025332,2.5,0.32,3.75,0.7333333333333333,0.2216618826618692,0.5333333333333333,0.4622252747252741,False,-0.5161290322580648,,2.0,1.5214285714285714,1.0238095238095235,1.4860465116279074
retrospective_method_development,provisional_downstream_recommendation,ADI+CV2+acf1+nonzero_mean,DRMJJ0026,2,401,236,0.5885286783042394,135,15,120,33.0,0.2444444444444444,0.0,0.8933140266718955,2.2,0.6257378984651708,9.0,0.8888888888888888,0.2818546573068318,0.0222222222222222,0.4105160254172196,False,0.33184789067142,0.0002584628628035,2.727272727272727,0.8917748917748919,1.197883597883598,0.7444587214905236
retrospective_method_development,provisional_downstream_recommendation,ADI+CV2+acf1+nonzero_mean,QFSJZ003-1,1,389,229,0.5886889460154242,135,21,114,51.0,0.3777777777777777,0.0,1.049994077216179,2.4285714285714284,0.3657439446366782,6.428571428571429,0.8444444444444444,0.2291303674385596,0.1777777777777777,0.49860949587905,False,0.4055747789311803,0.0,2.4705882352941178,1.176470588235294,1.197883597883598,0.9821242984826436
retrospective_method_development,provisional_downstream_recommendation,ADI+CV2+acf1+nonzero_mean,DRMJJ0020,2,401,257,0.6408977556109726,104,12,92,23.0,0.2211538461538461,0.0,0.8355770143890716,1.9166666666666667,0.8145729506788105,8.666666666666666,0.8846153846153846,0.1462027727465887,0.0769230769230769,0.3599027289921643,False,0.4881987577639752,0.0,3.652173913043478,1.124223602484472,1.2513736263736266,0.8983916384288645
retrospective_method_development,provisional_downstream_recommendation,ADI+CV2+acf1+nonzero_mean,FDBLHP0001,1,393,253,0.6437659033078881,135,19,116,49.0,0.362962962962963,0.0,1.0762525324213614,2.5789473684210527,0.3895136285806839,7.105263157894737,0.8592592592592593,0.2808441835635686,0.0148148148148148,0.5163851595207163,False,0.3636788048552754,0.0,2.326530612244898,1.7521865889212829,1.197883597883598,1.4627352707867598
retrospective_method_development,provisional_downstream_recommendation,ADI+CV2+acf1+nonzero_mean,FRH0068,2,395,273,0.6911392405063291,135,14,121,29.0,0.2148148148148148,0.0,0.909199953257128,2.071428571428572,1.020579895728528,9.642857142857142,0.8962962962962963,0.1504835576627106,0.1703703703703703,0.2594190200175243,False,0.3054315979265269,0.0048708667417285,4.344827586206896,1.8669950738916252,1.197883597883598,1.5585780431339098
retrospective_method_development,provisional_downstream_recommendation,ADI+CV2+acf1+nonzero_mean,XGX9992,2,401,302,0.7531172069825436,30,7,23,10.0,0.3333333333333333,0.0,0.6608945522512668,1.4285714285714286,0.14,4.285714285714286,0.7666666666666667,0.1220521172797048,0.0,0.7995204451413634,False,1.047741935483871,,1.4,2.1714285714285717,1.0238095238095235,2.12093023255814
retrospective_method_development,provisional_downstream_recommendation,ADI+CV2+acf1+nonzero_mean,DRMJJ0022,1,395,313,0.7924050632911392,135,40,95,89.0,0.6592592592592592,0.0,1.2996151150276771,2.225,0.4504740724914944,3.375,0.7037037037037037,0.4658975744085702,0.0,0.4890643512552939,False,0.858045090695454,0.0,2.696629213483146,0.985553772070626,1.197883597883598,0.8227458609600191
retrospective_method_development,provisional_downstream_recommendation,ADI+CV2+acf1+nonzero_mean,FRH0065,1,414,329,0.7946859903381642,135,31,104,66.0,0.4888888888888889,0.0,1.1254628677422756,2.129032258064516,0.452142638506275,4.354838709677419,0.7703703703703704,0.4111082466868727,0.0074074074074074,0.5280028178936245,False,0.7125272331154684,0.0,3.287878787878788,1.352813852813853,1.197883597883598,1.1293366527465467
retrospective_method_development,provisional_downstream_recommendation,ADI+CV2+acf1+nonzero_mean,XGX9993,2,398,331,0.8316582914572864,30,6,24,12.0,0.4,0.0,1.069966161243848,2.0,0.7000000000000001,5.0,0.8,0.0708069953699167,0.0,0.3172790523935836,False,0.8838709677419357,,2.5,2.130952380952381,1.0238095238095235,2.08139534883721
retrospective_method_development,provisional_downstream_recommendation,ADI+CV2+acf1+nonzero_mean,JZJ0018,1,392,327,0.8341836734693877,135,21,114,47.0,0.3481481481481481,0.0,0.9873718962328358,2.238095238095238,0.4173381620642826,6.428571428571429,0.8444444444444444,0.3403911490595628,0.0074074074074074,0.5862542169363598,False,0.3916145181476846,0.0,2.6808510638297878,0.9848024316109424,1.197883597883598,0.8221186376964138
retrospective_method_development,provisional_downstream_recommendation,ADI+CV2+acf1+nonzero_mean,xgx0014,1,388,330,0.8505154639175257,30,18,12,53.0,1.7666666666666666,1.0,2.269487764374084,2.9444444444444446,0.5899105815341444,1.6666666666666667,0.4,0.6870348582661496,0.0333333333333333,-0.0401132609721567,False,0.1555690809494825,,3.056603773584905,0.8787061994609164,1.0238095238095235,0.8582711715664768
retrospective_method_development,provisional_downstream_recommendation,ADI+CV2+acf1+nonzero_mean,FRH0034,1,405,345,0.8518518518518519,135,60,75,151.5,1.1222222222222222,0.0,1.652301274733988,2.525,0.407570543931386,2.25,0.5555555555555556,0.6853905964740767,0.1777777777777777,0.3788480020633894,False,-0.341810651653401,0.0,3.1683168316831685,1.3412541254125412,1.197883597883598,1.1196865269565823
retrospective_method_development,provisional_downstream_recommendation,ADI+CV2+acf1+nonzero_mean,xgx0015,1,393,338,0.8600508905852418,30,22,8,63.0,2.1,2.0,2.21826275611624,2.863636363636364,0.5492807352217782,1.3636363636363635,0.2666666666666666,0.4474170504717227,0.0,-0.0738981623120018,False,0.6961597542242702,,3.841269841269841,1.1201814058956916,1.0238095238095235,1.0941306755260247
retrospective_method_development,provisional_downstream_recommendation,ADI+CV2+acf1+nonzero_mean,CLSSLT0003,2,400,349,0.8725,135,21,114,39.0,0.2888888888888888,0.0,0.8627158321053198,1.8571428571428568,0.559171597633136,6.428571428571429,0.8444444444444444,0.414096552843231,0.0222222222222222,0.2072193514566007,False,0.3244846656611361,0.0,3.769230769230769,1.4835164835164836,1.197883597883598,1.2384479478119053
retrospective_method_development,provisional_downstream_recommendation,ADI+CV2+acf1+nonzero_mean,xgx0016,1,410,358,0.8731707317073171,30,27,3,75.0,2.5,2.0,2.129432496845272,2.7777777777777777,0.5516307692307691,1.1111111111111112,0.1,0.6211794587102852,0.0,0.2053063495670098,False,0.9034838709677422,,2.52,1.2095238095238094,1.0238095238095235,1.1813953488372095
retrospective_method_development,provisional_downstream_recommendation,ADI+CV2+acf1+nonzero_mean,BLP0002,1,397,347,0.8740554156171285,135,43,92,101.0,0.7481481481481481,0.0,1.502825788647062,2.3488372093023258,0.6083642593396537,3.13953488372093,0.6814814814814815,0.2716258288923103,0.0,0.3679073516750313,False,1.1511745292176276,0.0,4.257425742574257,1.616407355021216,1.197883597883598,1.349385998670538
retrospective_method_development,provisional_downstream_recommendation,ADI+CV2+acf1+nonzero_mean,FRH0028,2,398,348,0.8743718592964824,135,27,108,48.0,0.3555555555555555,0.0,0.9098685050695036,1.7777777777777777,0.5192307692307693,5.0,0.8,0.4541860010812193,0.0148148148148148,0.2419181034482752,False,0.0110294117647057,0.0,2.8125,1.25,1.197883597883598,1.043507067137809
retrospective_method_development,provisional_downstream_recommendation,ADI+CV2+acf1+nonzero_mean,JZJ00011,1,416,370,0.8894230769230769,135,36,99,87.0,0.6444444444444445,0.0,1.3297214760919294,2.4166666666666665,0.4048241888907763,3.75,0.7333333333333333,0.361893949491346,0.0148148148148148,0.589877891016944,False,0.7515889114266396,0.0,2.4827586206896552,1.7717569786535303,1.197883597883598,1.479072742780553
retrospective_method_development,provisional_downstream_recommendation,ADI+CV2+acf1+nonzero_mean,YJLZHMV000AMDE,1,382,340,0.8900523560209425,135,64,71,140.0,1.037037037037037,0.0,1.6087791208901396,2.1875,0.6161580822805313,2.109375,0.5259259259259259,0.7195453749599507,0.0148148148148148,0.4475479191849419,False,0.2763772175536878,0.0,3.2,1.030612244897959,1.197883597883598,0.8603609288238262
retrospective_method_development,provisional_downstream_recommendation,ADI+CV2+acf1+nonzero_mean,FZLRICBHP0001,1,375,334,0.8906666666666667,135,19,116,42.0,0.3111111111111111,0.0,0.9732747205142236,2.210526315789474,0.5361552028218693,7.105263157894737,0.8592592592592593,0.1918584023509409,0.0,0.6407596874481083,False,0.3964985994397758,0.0,2.714285714285714,0.6496598639455782,1.197883597883598,0.5423397274103987
retrospective_method_development,provisional_downstream_recommendation,ADI+CV2+acf1+nonzero_mean,KFYFQ51mm,1,398,356,0.8944723618090452,30,27,3,142.5,4.75,4.0,3.474041668898256,5.277777777777778,0.3794268058810995,1.1111111111111112,0.1,0.6606198327795973,0.0,0.0464462477162284,False,-0.4333446519524626,,2.8421052631578947,0.9107769423558896,1.0238095238095235,0.8895960832313343
retrospective_method_development,provisional_downstream_recommendation,ADI+CV2+acf1+nonzero_mean,ZBTZ0003,2,400,358,0.895,135,9,126,14.0,0.1037037037037037,0.0,0.5077617562455674,1.5555555555555556,0.7346938775510206,15.0,0.9333333333333332,0.2374997864635524,0.0888888888888888,0.2761452031114949,False,0.1966386554621849,0.1915928663258387,3.2142857142857144,1.0714285714285714,1.197883597883598,0.8944346289752649
retrospective_method_development,provisional_downstream_recommendation,ADI+CV2+acf1+nonzero_mean,SLT0003,2,381,342,0.8976377952755905,135,23,112,38.0,0.2814814814814815,0.0,0.7692975265500324,1.6521739130434785,0.4532233694283556,5.869565217391305,0.8296296296296296,0.3430388617555664,0.1555555555555555,0.2678975131876416,False,0.391640866873065,0.0,3.026315789473684,1.2932330827067668,1.197883597883598,1.0795982890087408
retrospective_method_development,provisional_downstream_recommendation,ADI+CV2+acf1+nonzero_mean,FRH0050,1,390,352,0.9025641025641026,135,55,80,126.0,0.9333333333333332,0.0,1.7156000647264948,2.290909090909091,0.7880751752003958,2.4545454545454546,0.5925925925925926,0.8092855294473709,0.1259259259259259,0.3418417659106422,False,0.3072673513849983,0.045287283134011,4.801587301587301,1.7448979591836733,1.197883597883598,1.4566506814740028
retrospective_method_development,provisional_downstream_recommendation,ADI+CV2+acf1+nonzero_mean,JZJ0014,2,394,358,0.9086294416243654,135,10,125,16.0,0.1185185185185185,0.0,0.5865641399933572,1.6,0.9722222222222222,13.5,0.925925925925926,0.3087369608772301,0.074074074074074,-0.0197538860103628,False,0.1568627450980392,0.0,3.75,1.5178571428571428,1.197883597883598,1.2671157243816251
retrospective_method_development,provisional_downstream_recommendation,ADI+CV2+acf1+nonzero_mean,JZJ0016,1,386,351,0.9093264248704664,135,69,66,194.0,1.4370370370370371,1.0,2.017118557432216,2.8115942028985508,0.5181912811888493,1.9565217391304348,0.4888888888888889,0.5462132064543126,0.0,0.391829706621994,False,0.7534162118455628,0.0,3.9123711340206175,1.2650957290132547,1.197883597883598,1.056109067064952
retrospective_method_development,provisional_downstream_recommendation,ADI+CV2+acf1+nonzero_mean,JZJ0005,1,402,367,0.9129353233830846,104,23,81,65.0,0.625,0.0,1.48104710910029,2.8260869565217392,0.4715749208056898,4.521739130434782,0.7788461538461539,0.1911777781125956,0.1826923076923076,0.5699137139358684,False,0.5536460974922512,0.2930285680009536,3.1846153846153844,1.4879120879120875,1.2513736263736266,1.189023051591657
retrospective_method_development,provisional_downstream_recommendation,ADI+CV2+acf1+nonzero_mean,xgx0013,2,392,359,0.9158163265306124,30,8,22,20.0,0.6666666666666666,0.0,1.268540658512312,2.5,0.2285714285714285,3.75,0.7333333333333333,0.2228199565466784,0.0333333333333333,0.2641791044776119,False,0.9290322580645162,,1.6,1.542857142857143,1.0238095238095235,1.506976744186047
retrospective_method_development,provisional_downstream_recommendation,ADI+CV2+acf1+nonzero_mean,FRH0029,2,410,376,0.9170731707317074,104,28,76,46.0,0.4423076923076923,0.0,0.9225010650865856,1.6428571428571428,0.4450045508646643,3.7142857142857135,0.7307692307692307,0.5541903830370158,0.0096153846153846,0.3139431616341029,False,0.3090301003344481,0.0,2.4347826086956523,1.329192546583851,1.2513736263736266,1.0621867990263922
retrospective_method_development,provisional_downstream_recommendation,ADI+CV2+acf1+nonzero_mean,QFSJZ001-1,1,393,362,0.921119592875318,104,18,86,52.0,0.5,0.0,1.4073317037116178,2.888888888888889,0.5623042116254785,5.777777777777778,0.8269230769230769,0.2120004644284014,0.0096153846153846,0.6171733536643478,False,0.7311073541842773,0.0,3.1153846153846154,1.4505494505494505,1.2513736263736266,1.1591657519209655
retrospective_method_development,provisional_downstream_recommendation,ADI+CV2+acf1+nonzero_mean,LTKF0008,2,403,373,0.9255583126550868,104,5,99,11.0,0.1057692307692307,0.0,0.5731579905670502,2.2,0.5578512396694214,20.8,0.9519230769230768,0.0708948276958978,0.5480769230769231,0.2017795637198639,False,-0.0397102897102896,0.3479579567140892,2.2727272727272725,2.7142857142857144,1.2513736263736266,2.169045005488474
retrospective_method_development,provisional_downstream_recommendation,ADI+CV2+acf1+nonzero_mean,FRC0003,1,388,362,0.9329896907216496,135,49,86,124.0,0.9185185185185184,0.0,1.6483906753814024,2.5306122448979598,0.5341847684703435,2.7551020408163267,0.6370370370370371,0.5288026051186847,0.0074074074074074,0.4989727997370361,False,0.5852519502424625,0.1746223053006904,3.556451612903225,0.7603686635944701,1.197883597883598,0.6347600592727687
retrospective_method_development,provisional_downstream_recommendation,ADI+CV2+acf1+nonzero_mean,ZJJYZSJBV1AMDE,2,389,363,0.9331619537275064,104,19,85,35.0,0.3365384615384615,0.0,0.8658636961173051,1.8421052631578947,0.4015419501133788,5.473684210526316,0.8173076923076923,0.3017124707969034,0.4038461538461538,0.4682699571896274,False,-0.2753061224489798,0.0,2.7142857142857144,1.489795918367347,1.2513736263736266,1.1905284616590872
retrospective_method_development,provisional_downstream_recommendation,ADI+CV2+acf1+nonzero_mean,DRMJJ0021,2,401,377,0.940149625935162,135,15,120,28.0,0.2074074074074074,0.0,0.6921338009750597,1.8666666666666667,0.3635204081632652,9.0,0.8888888888888888,0.2572530735493586,0.074074074074074,0.5167519776640299,False,0.255252100840336,0.0,2.6785714285714284,1.5357142857142858,1.197883597883598,1.28202296819788
retrospective_method_development,provisional_downstream_recommendation,ADI+CV2+acf1+nonzero_mean,XFTW0001,1,402,378,0.9402985074626866,30,7,23,23.0,0.7666666666666667,0.0,1.7356968854500254,3.2857142857142856,0.454316320100819,4.285714285714286,0.7666666666666667,0.1715506947954583,0.3,0.5620031796502383,False,0.3239831697054699,,2.130434782608696,0.1366459627329192,1.0238095238095235,0.1334681496461072
retrospective_method_development,provisional_downstream_recommendation,ADI+CV2+acf1+nonzero_mean,FRW0009,2,407,383,0.941031941031941,135,28,107,48.0,0.3555555555555555,0.0,0.8327858898351111,1.7142857142857142,0.3492798353909466,4.821428571428571,0.7925925925925926,0.4252129321133258,0.0,0.4010797037370395,False,0.6897058823529413,0.0,2.916666666666667,1.2827380952380951,1.197883597883598,1.0708370141342756
retrospective_method_development,provisional_downstream_recommendation,ADI+CV2+acf1+nonzero_mean,FRW00023,2,394,371,0.9416243654822336,30,7,23,9.0,0.3,0.0,0.651258728182957,1.2857142857142858,0.345679012345679,4.285714285714286,0.7666666666666667,0.2941426173945132,0.0,0.1264555784251187,False,0.8781362007168461,,2.333333333333333,1.507936507936508,1.0238095238095235,1.472868217054264
retrospective_method_development,provisional_downstream_recommendation,ADI+CV2+acf1+nonzero_mean,QCXXC0001,2,414,390,0.9420289855072465,104,20,84,41.0,0.3942307692307692,0.0,0.9390996434901284,2.05,0.28742289990294,5.2,0.8076923076923077,0.3986101568264897,0.0961538461538461,0.426552462526766,False,0.2870544090056285,0.0,2.439024390243903,1.8222996515679444,1.2513736263736266,1.4562394581135711
retrospective_method_development,provisional_downstream_recommendation,ADI+CV2+acf1+nonzero_mean,FRH0049,2,403,381,0.9454094292803972,104,6,98,10.0,0.0961538461538461,0.0,0.4729422627219507,1.6666666666666667,0.5279999999999999,17.333333333333332,0.9423076923076924,0.1491794076135934,0.6153846153846154,0.1315345699831368,False,-0.1048351648351649,0.2356907698187839,2.4,0.7857142857142857,1.2513736263736266,0.6278814489571898
retrospective_method_development,provisional_downstream_recommendation,ADI+CV2+acf1+nonzero_mean,SLT0004,2,406,384,0.9458128078817734,135,10,125,17.0,0.1259259259259259,0.0,0.5100428666449202,1.7,0.3114186851211073,13.5,0.925925925925926,0.1541840263608379,0.1925925925925926,0.6843007067894625,False,0.1864667435601692,0.0,1.7647058823529411,2.260504201680672,1.197883597883598,1.887081687798794
retrospective_method_development,provisional_downstream_recommendation,ADI+CV2+acf1+nonzero_mean,ZJJSJBV001AMDE,2,404,383,0.948019801980198,104,21,83,31.0,0.2980769230769231,0.0,0.6950561574337408,1.4761904761904765,0.3037460978147762,4.9523809523809526,0.7980769230769231,0.4765390110999343,0.1442307692307692,0.3154808444096945,False,-0.0696029776674939,0.3626003017575404,2.7096774193548385,1.488479262672811,1.2513736263736266,1.1894762933323888
retrospective_method_development,provisional_downstream_recommendation,ADI+CV2+acf1+nonzero_mean,DRMJJ0038,2,384,366,0.953125,30,6,24,9.0,0.3,0.0,0.7022132498578064,1.5,0.3111111111111111,5.0,0.8,0.4926905198700269,0.4,0.1553398058252428,False,-0.1591397849462366,,2.0,1.1428571428571428,1.0238095238095235,1.116279069767442
retrospective_method_development,provisional_downstream_recommendation,ADI+CV2+acf1+nonzero_mean,LTKF0111,2,392,374,0.9540816326530612,135,23,112,40.0,0.2962962962962963,0.0,0.773382511160079,1.7391304347826086,0.3371590909090908,5.869565217391305,0.8296296296296296,0.3168616630977106,0.0,0.4280445279108307,False,0.7253267973856211,0.0,2.875,1.4,1.197883597883598,1.1687279151943462
retrospective_method_development,provisional_downstream_recommendation,ADI+CV2+acf1+nonzero_mean,XYMLRY00001,2,396,378,0.9545454545454546,30,15,15,24.0,0.8,0.5,0.924755326447544,1.6,0.1562499999999999,2.0,0.5,0.707128186161956,0.0333333333333333,0.13,False,0.5483870967741934,,1.875,1.1488095238095235,1.0238095238095235,1.1220930232558142
retrospective_method_development,provisional_downstream_recommendation,ADI+CV2+acf1+nonzero_mean,FRW0013,1,393,377,0.9592875318066156,104,11,93,29.0,0.2788461538461538,0.0,0.9599426638342218,2.636363636363636,0.3819262782401903,9.454545454545457,0.8942307692307693,0.0724702064547018,0.6826923076923077,0.725839475839476,False,-0.2999052671466466,0.1225105184584157,2.2758620689655173,1.70935960591133,1.2513736263736266,1.3659866005526324
retrospective_method_development,provisional_downstream_recommendation,ADI+CV2+acf1+nonzero_mean,DRMJJ0025,2,394,378,0.9593908629441624,135,21,114,37.0,0.2740740740740741,0.0,0.7474297214467288,1.761904761904762,0.3190650109569029,6.428571428571429,0.8444444444444444,0.3475878002898995,0.0074074074074074,0.4116355653128434,False,0.4158452570217276,0.0,2.8378378378378377,1.2007722007722008,1.197883597883598,1.0024114220227294
retrospective_method_development,provisional_downstream_recommendation,ADI+CV2+acf1+nonzero_mean,CLSSLT0006,2,404,388,0.9603960396039604,135,27,108,50.0,0.3703703703703703,0.0,0.852920712844468,1.851851851851852,0.2625230769230769,5.0,0.8,0.4554717509352204,0.0,0.3262583069228398,False,0.5537647058823527,0.0,2.16,1.6,1.197883597883598,1.3356890459363957
retrospective_method_development,provisional_downstream_recommendation,ADI+CV2+acf1+nonzero_mean,JZJ0004,2,383,368,0.9608355091383812,104,15,89,25.0,0.2403846153846154,0.0,0.6754386177610497,1.6666666666666667,0.2914285714285713,6.933333333333334,0.8557692307692307,0.2877258633923616,0.2211538461538461,0.4033926354985517,False,0.2891208791208791,0.3742916016141775,2.4,1.4514285714285713,1.2513736263736266,1.1598682766190995
retrospective_method_development,provisional_downstream_recommendation,ADI+CV2+acf1+nonzero_mean,SRPDZS0002,2,386,371,0.961139896373057,104,5,99,8.0,0.0769230769230769,0.0,0.3864779397441557,1.6,0.3124999999999999,20.8,0.9519230769230768,0.0705700254958504,0.2307692307692307,0.6748737373737378,False,0.1428571428571428,0.0623725397756776,1.875,1.7142857142857144,1.2513736263736266,1.3699231613611416
retrospective_method_development,provisional_downstream_recommendation,ADI+CV2+acf1+nonzero_mean,DRMJJ0039,2,408,394,0.965686274509804,30,6,24,9.0,0.3,0.0,0.651258728182957,1.5,0.1333333333333333,5.0,0.8,0.356861687972914,0.5,0.1807909604519775,False,-0.4086021505376345,,1.3333333333333333,1.365079365079365,1.0238095238095235,1.3333333333333337
retrospective_method_development,provisional_downstream_recommendation,ADI+CV2+acf1+nonzero_mean,FRH0002,1,393,380,0.9669211195928752,104,40,64,119.0,1.1442307692307692,0.0,1.9578979674852564,2.975,0.5127118720791484,2.6,0.6153846153846154,0.2527501330942421,0.4326923076923077,0.4892183953419527,False,-0.4947825283959741,0.0,4.033613445378151,1.2364945978391355,1.2513736263736266,0.9881098432786944
retrospective_method_development,provisional_downstream_recommendation,ADI+CV2+acf1+nonzero_mean,ZBTZ0002,1,397,384,0.9672544080604534,135,9,126,48.0,0.3555555555555555,0.0,2.472133246018437,5.333333333333333,2.548828125000001,15.0,0.9333333333333332,0.1245939408777181,0.0888888888888888,0.0767043383157125,False,0.1355392156862744,0.4002651348128801,4.875,0.2023809523809523,1.197883597883598,0.1689487632508833
retrospective_method_development,provisional_downstream_recommendation,ADI+CV2+acf1+nonzero_mean,LTKF0019,1,400,387,0.9675,135,38,97,83.0,0.6148148148148148,0.0,1.5928252622923815,2.1842105263157894,1.1880357640264745,3.5526315789473686,0.7185185185185186,0.6047376611226807,0.0074074074074074,0.3403801780024164,False,0.3997795101976534,0.0,6.409638554216868,1.5438898450946643,1.197883597883598,1.2888479713908636
retrospective_method_development,provisional_downstream_recommendation,ADI+CV2+acf1+nonzero_mean,FRH0044,2,401,388,0.9675810473815462,135,31,104,41.0,0.3037037037037037,0.0,0.6019132936278128,1.3225806451612905,0.1290898274836406,4.354838709677419,0.7703703703703704,0.6007903896931266,0.0888888888888888,0.1951332203911907,False,0.3444444444444444,0.0,1.5121951219512195,1.2613240418118468,1.197883597883598,1.05296044126519
retrospective_method_development,provisional_downstream_recommendation,ADI+CV2+acf1+nonzero_mean,LTKF0002,2,395,384,0.9721518987341772,104,6,98,8.0,0.0769230769230769,0.0,0.3324608946215728,1.3333333333333333,0.15,17.333333333333332,0.9423076923076924,0.0758429541286853,0.5576923076923077,0.7363481228668952,False,-0.056043956043956,0.4141077352181437,1.5,2.553571428571429,1.2513736263736266,2.040614709110867
retrospective_method_development,provisional_downstream_recommendation,ADI+CV2+acf1+nonzero_mean,KZCWBG001,1,389,379,0.974293059125964,135,31,104,69.0,0.5111111111111111,0.0,1.2085927839487274,2.225806451612903,0.5208989708044528,4.354838709677419,0.7703703703703704,0.3913067630721829,0.0,0.6864368010525017,False,0.8092829402292318,0.5816416813919046,3.594202898550725,0.7122153209109731,1.197883597883598,0.5945613765555384
retrospective_method_development,provisional_downstream_recommendation,ADI+CV2+acf1+nonzero_mean,LTKF093,1,406,396,0.9753694581280788,135,30,105,82.0,0.6074074074074074,0.0,1.7959169956232943,2.7333333333333334,1.1901782600668729,4.5,0.7777777777777778,0.4285948408716389,0.0444444444444444,0.2473731508364439,False,0.8347680535628885,0.0,4.7560975609756095,1.043554006968641,1.197883597883598,0.8711647849694044
retrospective_method_development,provisional_downstream_recommendation,ADI+CV2+acf1+nonzero_mean,FRH0047,2,400,391,0.9775,104,13,91,35.0,0.3365384615384615,0.0,0.9814846780585164,2.6923076923076925,0.1927891156462584,8.0,0.875,0.2564403800072763,0.3942307692307692,0.4753134796238262,False,-0.0475510204081633,0.0,1.857142857142857,0.8775510204081632,1.2513736263736266,0.7012701897443938
retrospective_method_development,provisional_downstream_recommendation,ADI+CV2+acf1+nonzero_mean,FRW0016,2,393,385,0.979643765903308,104,9,95,15.0,0.1442307692307692,0.0,0.5646249589654898,1.6666666666666667,0.4499999999999998,11.555555555555555,0.9134615384615384,0.2620952188882403,0.4807692307692308,-0.0360946745562128,False,-0.0965934065934066,0.0,2.4,1.4,1.2513736263736266,1.1187705817782654
retrospective_method_development,provisional_downstream_recommendation,ADI+CV2+acf1+nonzero_mean,FRW0017,1,408,400,0.9803921568627452,104,6,98,21.0,0.2019230769230769,0.0,0.9890645545435942,3.5,0.5142857142857143,17.333333333333332,0.9423076923076924,0.0574356591413357,0.6346153846153846,0.6922112974744551,False,-0.1100470957613816,0.2231900513212429,2.0,0.3469387755102041,1.2513736263736266,0.2772463540849929
retrospective_method_development,provisional_downstream_recommendation,ADI+CV2+acf1+nonzero_mean,LTKF0009,2,415,407,0.980722891566265,104,5,99,15.0,0.1442307692307692,0.0,0.7428398569171185,3.0,0.3888888888888888,20.8,0.9519230769230768,0.111597399352836,0.5384615384615384,0.3311688311688298,False,-0.0375457875457875,0.37308626823962,2.0,2.7047619047619045,1.2513736263736266,2.1614343212586893
retrospective_method_development,provisional_downstream_recommendation,ADI+CV2+acf1+nonzero_mean,LTKF098B,1,417,409,0.9808153477218226,30,21,9,58.0,1.9333333333333331,2.0,1.7406565018610836,2.761904761904762,0.2609393579072532,1.4285714285714286,0.3,0.4779997264637532,0.1,0.4570264405976824,False,-0.5139043381535047,,2.1724137931034484,0.8669950738916256,1.0238095238095235,0.8468323977546113
retrospective_method_development,provisional_downstream_recommendation,ADI+CV2+acf1+nonzero_mean,YBB0001,1,404,397,0.9826732673267328,104,14,90,38.0,0.3653846153846153,0.0,1.1065356794329333,2.7142857142857144,0.384828467930961,7.428571428571429,0.8653846153846154,0.1149055107040304,0.048076923076923,0.7618680641183724,False,0.5522267206477733,0.0,2.210526315789473,1.2030075187969924,1.2513736263736266,0.9613495869200992
retrospective_method_development,provisional_downstream_recommendation,ADI+CV2+acf1+nonzero_mean,QFDNZGJK002,1,395,390,0.9873417721518988,30,12,18,40.0,1.3333333333333333,0.0,2.23349630559946,3.333333333333333,0.529090909090909,2.5,0.6,0.3728350731828849,0.4,0.5309029454369865,False,-0.4451612903225811,,2.4,1.3821428571428571,1.0238095238095235,1.3500000000000003
retrospective_method_development,provisional_downstream_recommendation,ADI+CV2+acf1+nonzero_mean,DHZXCZP0001,1,387,383,0.9896640826873384,135,30,105,106.0,0.7851851851851852,0.0,2.012591650588288,3.533333333333333,0.6945654976000788,4.5,0.7777777777777778,0.2399631325710842,0.0074074074074074,0.4982931395220794,False,0.5578986311505734,0.066863833164137,3.39622641509434,1.780323450134771,1.197883597883598,1.4862240816054402
retrospective_method_development,provisional_downstream_recommendation,ADI+CV2+acf1+nonzero_mean,LRKF0001,1,391,387,0.989769820971867,104,10,94,63.0,0.6057692307692307,0.0,2.124376638350256,6.3,0.2970241594580219,10.4,0.903846153846154,0.085620982177717,0.5384615384615384,0.7265677257525079,False,-0.0934065934065934,0.5153247546718707,1.9047619047619049,2.435374149659864,1.2513736263736266,1.946160681616225
retrospective_method_development,provisional_downstream_recommendation,ADI+CV2+acf1+nonzero_mean,ETZP0004,1,397,393,0.9899244332493704,135,38,97,99.0,0.7333333333333333,0.0,1.658087371444365,2.6052631578947367,0.7290100017372745,3.5526315789473686,0.7185185185185186,0.3141138398053451,0.0,0.5639794761776686,False,0.8007922360863536,0.0,4.606060606060606,1.2987012987012985,1.197883597883598,1.0841631866366843
retrospective_method_development,provisional_downstream_recommendation,ADI+CV2+acf1+nonzero_mean,ZTD0001,1,399,395,0.9899749373433584,135,22,113,78.0,0.5777777777777777,0.0,1.523285268736703,3.5454545454545454,0.3009924548386086,6.136363636363637,0.837037037037037,0.1228385007337424,0.0,0.6958360077681223,False,0.7619071560248032,0.0,2.2564102564102564,1.1483516483516485,1.197883597883598,0.9586504484914378
retrospective_method_development,provisional_downstream_recommendation,ADI+CV2+acf1+nonzero_mean,FZLRJ0005,1,387,384,0.992248062015504,30,6,24,22.0,0.7333333333333333,0.0,2.132399220779639,3.6666666666666665,1.0016528925619834,5.0,0.8,0.215043894678778,0.1666666666666666,0.3222163865546217,False,0.4926686217008799,,3.0,0.0064935064935064,1.0238095238095235,0.0063424947145877
retrospective_method_development,provisional_downstream_recommendation,ADI+CV2+acf1+nonzero_mean,ETZP0003,1,390,387,0.9923076923076924,135,20,115,73.0,0.5407407407407407,0.0,1.8518363736224344,3.65,0.918706975733573,6.75,0.8518518518518519,0.1755045897737972,0.0,0.3914368135223872,False,0.552421881994807,0.0,3.5616438356164384,1.7221135029354206,1.197883597883598,1.4376300885812476
retrospective_method_development,provisional_downstream_recommendation,ADI+CV2+acf1+nonzero_mean,FRH0064,1,393,390,0.9923664122137404,135,33,102,103.0,0.762962962962963,0.0,1.857648197850236,3.121212121212121,0.704154491469507,4.090909090909091,0.7555555555555555,0.3377330743724049,0.0148148148148148,0.4759957986588026,False,0.674281363030649,0.0,3.203883495145631,1.540915395284327,1.197883597883598,1.2863648838725168
retrospective_method_development,provisional_downstream_recommendation,ADI+CV2+acf1+nonzero_mean,QCSSXC0006,1,397,394,0.9924433249370276,104,28,76,79.0,0.7596153846153846,0.0,1.84598852570718,2.821428571428572,0.8751921285169157,3.7142857142857135,0.7307692307692307,0.3065337258956273,0.0576923076923076,0.569073478887288,False,1.0003894839337877,0.0,4.253164556962025,1.4249547920433996,1.2513736263736266,1.138712501215801
retrospective_method_development,provisional_downstream_recommendation,ADI+CV2+acf1+nonzero_mean,LTKF0047,1,402,399,0.9925373134328358,135,22,113,54.0,0.4,0.0,1.3055564376695088,2.4545454545454546,0.9283428048860148,6.136363636363637,0.837037037037037,0.3238886058215717,0.037037037037037,0.5399555323044737,False,0.4289760348583877,0.0,4.481481481481482,0.3994708994708994,1.197883597883598,0.3334805653710246
retrospective_method_development,provisional_downstream_recommendation,ADI+CV2+acf1+nonzero_mean,SPH0001,1,403,400,0.9925558312655088,104,5,99,30.0,0.2884615384615384,0.0,1.479130398704058,6.0,0.375,20.8,0.9519230769230768,0.0571108569412885,0.1057692307692307,0.6537367468321699,False,0.2142857142857143,0.0,2.0,1.0380952380952382,1.2513736263736266,0.829564581046469
retrospective_method_development,provisional_downstream_recommendation,ADI+CV2+acf1+nonzero_mean,FRH0004,1,405,402,0.9925925925925926,104,24,80,83.0,0.7980769230769231,0.0,1.731376957448225,3.458333333333333,0.3197536084621356,4.333333333333333,0.7692307692307693,0.1762830978376841,0.5288461538461539,0.7598311066296909,False,-0.3890904276446448,0.6122108024296905,2.0240963855421685,1.426850258175559,1.2513736263736266,1.1402272096068131
retrospective_method_development,provisional_downstream_recommendation,ADI+CV2+acf1+nonzero_mean,FRC0002,1,406,403,0.9926108374384236,104,16,88,66.0,0.6346153846153846,0.0,1.7463286999602063,4.125,0.3281297826752372,6.5,0.8461538461538461,0.1273119438640196,0.5961538461538461,0.7991767764298092,False,-0.3513819513819516,0.3071122397776232,2.1818181818181817,0.6406926406926406,1.2513736263736266,0.5119914845491134
retrospective_method_development,provisional_downstream_recommendation,ADI+CV2+acf1+nonzero_mean,XYMZG0016,1,406,403,0.9926108374384236,30,5,25,37.0,1.2333333333333334,0.0,3.430927624974927,7.4,0.5168005843681518,6.0,0.8333333333333334,0.1682881265985913,0.0,0.3907005177991298,False,0.6826503923278119,,2.162162162162162,0.8957528957528956,1.0238095238095235,0.874921433060968
retrospective_method_development,provisional_downstream_recommendation,ADI+CV2+acf1+nonzero_mean,JZQCQ004,1,407,404,0.9926289926289926,104,19,85,59.0,0.5673076923076923,0.0,1.8209376816158769,3.1052631578947367,1.104982603977146,5.473684210526316,0.8173076923076923,0.3783499841663402,0.2115384615384615,0.5427953562485759,False,0.3699850996461165,0.0,3.864406779661017,1.8958837772397092,1.2513736263736266,1.5150421403188894
retrospective_method_development,provisional_downstream_recommendation,ADI+CV2+acf1+nonzero_mean,FRH0040,1,412,409,0.9927184466019418,104,16,88,63.0,0.6057692307692307,0.0,2.0734955675280875,3.9375,1.0016292936927855,6.5,0.8461538461538461,0.2490828048103804,0.4711538461538461,0.5479878878307802,False,-0.0905634048491192,0.0,4.063492063492063,1.8934240362811792,1.2513736263736266,1.5130765075880332
retrospective_method_development,provisional_downstream_recommendation,ADI+CV2+acf1+nonzero_mean,WSJZS0004,1,379,377,0.9947229551451188,104,6,98,114.0,1.0961538461538465,0.0,5.184965627525976,19.0,0.4033240997229917,17.333333333333332,0.9423076923076924,0.0571108569412885,0.0865384615384615,0.6079954820650615,False,0.2680161943319838,0.0,1.736842105263158,1.5839598997493731,1.2513736263736266,1.2657769561114638
retrospective_method_development,provisional_downstream_recommendation,ADI+CV2+acf1+nonzero_mean,ZJJSJSV001AMDE,1,382,380,0.9947643979057592,104,22,82,72.0,0.6923076923076923,0.0,1.8854420463730823,3.272727272727273,0.8018812463256908,4.727272727272728,0.7884615384615384,0.2580630450379726,0.4423076923076923,0.5733857264231101,False,-0.2783577533577535,0.1631283569187449,3.972222222222222,1.863095238095238,1.2513736263736266,1.4888401024515183
retrospective_method_development,provisional_downstream_recommendation,ADI+CV2+acf1+nonzero_mean,DRMJJ0027,2,387,385,0.9948320413436692,135,9,126,15.0,0.1111111111111111,0.0,0.4835605916233706,1.6666666666666667,0.3599999999999998,15.0,0.9333333333333332,0.1661288356791284,0.0,0.531349183445065,False,0.1992156862745097,3.988704199340902e-05,2.4,0.6761904761904761,1.197883597883598,0.5644876325088338
retrospective_method_development,provisional_downstream_recommendation,ADI+CV2+acf1+nonzero_mean,ZJJYZSJSV1AMDE,1,391,389,0.9948849104859336,104,9,95,58.0,0.5576923076923077,0.0,2.193666625453735,6.444444444444445,0.4641795481569559,11.555555555555555,0.9134615384615384,0.0718500179257165,0.6538461538461539,0.8021560172481382,False,-0.2007010231148162,0.2030136116005723,2.1724137931034484,1.4655172413793105,1.2513736263736266,1.1711268405314357
retrospective_method_development,provisional_downstream_recommendation,ADI+CV2+acf1+nonzero_mean,LYC0201,1,395,393,0.9949367088607596,135,26,109,88.0,0.6518518518518519,0.0,2.1241978943371183,3.3846153846153846,1.271528925619835,5.1923076923076925,0.8074074074074075,0.2296114038403933,0.0074074074074074,0.6706437428980783,False,0.7815062388591801,0.0,5.318181818181818,0.5422077922077922,1.197883597883598,0.4526381304208159
retrospective_method_development,provisional_downstream_recommendation,ADI+CV2+acf1+nonzero_mean,WSJZS0002,1,395,393,0.9949367088607596,104,5,99,55.0,0.5288461538461539,0.0,2.828278596737203,11.0,0.512396694214876,20.8,0.9519230769230768,0.0571108569412885,0.0865384615384615,0.7802414126411579,False,0.2229270729270729,0.0,1.9090909090909087,1.7818181818181815,1.2513736263736266,1.423889831354156
retrospective_method_development,provisional_downstream_recommendation,ADI+CV2+acf1+nonzero_mean,XGX9995,1,396,394,0.9949494949494948,30,5,25,16.0,0.5333333333333333,0.0,1.6553639735893348,3.2,0.8984375,6.0,0.8333333333333334,0.0742488634479844,0.0333333333333333,0.5200348432055747,False,0.6612903225806451,,2.1875,1.1785714285714286,1.0238095238095235,1.151162790697675
retrospective_method_development,provisional_downstream_recommendation,ADI+CV2+acf1+nonzero_mean,NNBZL01,1,401,399,0.9950124688279302,30,9,21,37.0,1.2333333333333334,0.0,3.1914036835324304,4.111111111111111,1.39700511322133,3.333333333333333,0.7,0.1655306353286695,0.2666666666666666,0.4860328638497661,False,-0.268352223190933,,3.891891891891892,1.5135135135135136,1.0238095238095235,1.4783155248271531
retrospective_method_development,provisional_downstream_recommendation,ADI+CV2+acf1+nonzero_mean,FRW0014,2,404,402,0.995049504950495,104,8,96,10.0,0.0961538461538461,0.0,0.3557906761394709,1.25,0.1371428571428571,13.0,0.9230769230769232,0.1173076026550778,0.6730769230769231,0.616244411326375,False,-0.196923076923077,0.1684846396642335,1.6,1.7857142857142858,1.2513736263736266,1.4270032930845222
retrospective_method_development,provisional_downstream_recommendation,ADI+CV2+acf1+nonzero_mean,NNB0002,1,405,403,0.9950617283950616,135,19,116,239.0,1.7703703703703704,0.0,5.690973136023086,12.578947368421051,0.6167648014254342,7.105263157894737,0.8592592592592593,0.1010133539103769,0.0962962962962963,0.8692561445895101,False,0.542716110153964,0.0,2.384937238493724,1.6210400478182905,1.197883597883598,1.3532533968094385
retrospective_method_development,provisional_downstream_recommendation,ADI+CV2+acf1+nonzero_mean,QCCXC0005,1,405,403,0.9950617283950616,104,35,69,135.0,1.2980769230769231,0.0,2.4291106994416487,3.857142857142857,0.5185185185185185,2.9714285714285715,0.6634615384615384,0.4828835958631443,0.1153846153846153,0.584198385236448,False,0.775071225071225,0.0516893090707712,2.333333333333333,1.071957671957672,1.2513736263736266,0.8566247916412569
retrospective_method_development,provisional_downstream_recommendation,ADI+CV2+acf1+nonzero_mean,QCSSXC0005,1,411,409,0.9951338199513382,104,26,78,100.0,0.9615384615384616,0.0,2.896006882344035,3.8461538461538463,1.55584,4.0,0.75,0.3423557137353386,0.1153846153846153,0.3684180918091807,False,0.8380000000000002,0.0,6.5,0.82,1.2513736263736266,0.6552799121844126
retrospective_method_development,provisional_downstream_recommendation,ADI+CV2+acf1+nonzero_mean,QFSJZ002-1,2,387,386,0.9974160206718348,135,11,124,16.0,0.1185185185185185,0.0,0.4739773256723577,1.4545454545454546,0.4125,12.272727272727272,0.9185185185185184,0.1845472121866265,0.1407407407407407,0.4350198412698414,False,0.1613153594771241,0.0,2.75,1.0714285714285714,1.197883597883598,0.8944346289752649
retrospective_method_development,provisional_downstream_recommendation,ADI+CV2+acf1+nonzero_mean,YKLLW0005,1,390,389,0.9974358974358974,104,8,96,62.0,0.5961538461538461,0.0,4.668671108340053,7.75,4.284822357663148,13.0,0.9230769230769232,0.0561180081288574,0.0192307692307692,0.172710443681283,False,0.1697270471464019,0.1107032110672396,6.064516129032258,0.1359447004608295,1.2513736263736266,0.1086363797315958
retrospective_method_development,provisional_downstream_recommendation,ADI+CV2+acf1+nonzero_mean,HWZDSKL0001,1,391,390,0.9974424552429668,135,35,100,202.0,1.4962962962962962,0.0,4.135528759482706,5.771428571428571,1.2610571627925748,3.857142857142857,0.7407407407407407,0.2396388076206533,0.0,0.4567871527220413,False,0.5282954766064841,0.0882067154325501,6.064356435643565,1.0530410183875532,1.197883597883598,0.8790845957387258
retrospective_method_development,provisional_downstream_recommendation,ADI+CV2+acf1+nonzero_mean,FRW0024,1,394,393,0.9974619289340102,135,31,104,91.0,0.674074074074074,0.0,1.7226742037839111,2.935483870967742,0.7422130982570542,4.354838709677419,0.7703703703703704,0.3368901006868179,0.0,0.7093533841970656,False,0.8614450908568556,0.0,4.087912087912088,1.3861852433281003,1.197883597883598,1.157195278220013
retrospective_method_development,provisional_downstream_recommendation,ADI+CV2+acf1+nonzero_mean,YJX0024,2,400,399,0.9975,104,5,99,11.0,0.1057692307692307,0.0,0.5198631117576941,2.2,0.2479338842975205,20.8,0.9519230769230768,0.0708948276958981,0.3173076923076923,0.3171667829727846,False,0.0881618381618381,0.2333871489875612,1.818181818181818,0.7922077922077921,1.2513736263736266,0.6330705518411335
retrospective_method_development,provisional_downstream_recommendation,ADI+CV2+acf1+nonzero_mean,FRH0045,1,401,400,0.9975062344139652,104,12,92,96.0,0.9230769230769232,0.0,3.0296025170806016,8.0,0.3778409090909091,8.666666666666666,0.8846153846153846,0.1661964247923791,0.4230769230769231,0.7564911703636699,False,-0.0655219780219781,0.0,2.0,0.5773809523809524,1.2513736263736266,0.4613977314306622
retrospective_method_development,provisional_downstream_recommendation,ADI+CV2+acf1+nonzero_mean,FRW00011,2,417,416,0.9976019184652278,104,7,97,10.0,0.0961538461538461,0.0,0.4067209813669471,1.4285714285714286,0.3033333333333334,14.857142857142858,0.9326923076923076,0.2725975487195459,0.1826923076923076,0.0604332953249714,False,0.1284615384615384,0.2594469863071291,2.1,0.4,1.2513736263736266,0.319648737650933
retrospective_method_development,provisional_downstream_recommendation,ADI+CV2+acf1+nonzero_mean,BLJZ0001,2,394,394,1.0,104,7,97,11.0,0.1057692307692307,0.0,0.4388482107218525,1.5714285714285714,0.2506887052341598,14.857142857142858,0.9326923076923076,0.1495805026991359,0.0288461538461538,0.1425073457394711,False,0.343006993006993,0.0,1.9090909090909087,2.1168831168831166,1.2513736263736266,1.6916475401656517
retrospective_method_development,provisional_downstream_recommendation,ADI+CV2+acf1+nonzero_mean,BLP0001,1,400,400,1.0,135,51,84,372.5,2.759259259259259,0.0,4.645131399203376,7.303921568627451,0.4493066690689609,2.647058823529412,0.6222222222222222,0.2903605457221907,0.0,0.6791556930628094,False,1.4502908277404922,0.0,3.2859060402684563,1.3934803451581974,1.197883597883598,1.16328527047217
retrospective_method_development,provisional_downstream_recommendation,ADI+CV2+acf1+nonzero_mean,BLP0003,2,403,403,1.0,135,17,118,21.0,0.1555555555555555,0.0,0.4382234601148423,1.2352941176470589,0.1252834467120181,7.9411764705882355,0.8740740740740741,0.2972217279190187,0.0296296296296296,0.4165457184325107,False,0.4777777777777777,0.0,1.619047619047619,1.1020408163265305,1.197883597883598,0.9199899040888438
retrospective_method_development,provisional_downstream_recommendation,ADI+CV2+acf1+nonzero_mean,BLP0004,2,395,395,1.0,135,5,130,9.0,0.0666666666666666,0.0,0.3705582718491397,1.8,0.2160493827160493,27.0,0.9629629629629628,0.1000374845649524,0.1851851851851851,0.238945233265721,False,0.1238198983297022,0.0,1.6666666666666663,0.8095238095238095,1.197883597883598,0.6757950530035335
retrospective_method_development,provisional_downstream_recommendation,ADI+CV2+acf1+nonzero_mean,CWW0002,1,405,405,1.0,135,51,84,814.0,6.029629629629629,0.0,10.451873174071562,15.96078431372549,0.5145835622309822,2.647058823529412,0.6222222222222222,0.3523221068753639,0.0,0.8183391148051574,False,1.3605651105651104,0.0,3.3206388206388207,1.3786416286416288,1.197883597883598,1.1508978260303349
retrospective_method_development,provisional_downstream_recommendation,ADI+CV2+acf1+nonzero_mean,DRMJJ0023,1,383,383,1.0,135,62,73,229.5,1.7,0.0,2.548777875122981,3.7016129032258074,0.4918890582849172,2.177419354838709,0.5407407407407407,0.5054083545683179,0.0222222222222222,0.7143230699954448,False,1.1180429179660245,0.0,3.241830065359477,1.3817615935262992,1.197883597883598,1.1535023903554351
retrospective_method_development,provisional_downstream_recommendation,ADI+CV2+acf1+nonzero_mean,FDBLP0001,1,398,398,1.0,135,42,93,362.0,2.6814814814814816,0.0,8.725200978613147,8.619047619047619,2.643602856162257,3.2142857142857144,0.6888888888888889,0.1855330664243758,0.0,0.5397285410705391,False,1.204582385440364,0.0,8.585635359116022,1.4325177584846092,1.197883597883598,1.1958739238232825
retrospective_method_development,provisional_downstream_recommendation,ADI+CV2+acf1+nonzero_mean,FRC0010,2,414,414,1.0,104,8,96,11.0,0.1057692307692307,0.0,0.3921132497091379,1.375,0.1416765053128689,13.0,0.9230769230769232,0.2240633827545455,0.4807692307692308,0.368098159509203,False,-0.0683316683316683,0.0,1.4545454545454546,1.1948051948051948,1.2513736263736266,0.954794930645644
retrospective_method_development,provisional_downstream_recommendation,ADI+CV2+acf1+nonzero_mean,FRH0001,1,400,400,1.0,104,40,64,149.0,1.4326923076923077,0.0,2.363206736441726,3.725,0.4318123808236865,2.6,0.6153846153846154,0.3941760780280756,0.4230769230769231,0.6887411048681212,False,-0.4382329080315661,0.0,3.7583892617449663,1.0995206136145732,1.2513736263736266,0.8786509404076939
retrospective_method_development,provisional_downstream_recommendation,ADI+CV2+acf1+nonzero_mean,FRH0003,1,409,409,1.0,104,46,58,278.0,2.673076923076923,0.0,4.635117760555773,6.043478260869565,0.7763090247226677,2.260869565217391,0.5576923076923077,0.2929128531692859,0.0576923076923076,0.7928067117402634,False,-0.3376630563680923,0.0,4.302158273381295,1.6130524152106889,1.2513736263736266,1.2890254207172132
retrospective_method_development,provisional_downstream_recommendation,ADI+CV2+acf1+nonzero_mean,FRH0031,2,397,397,1.0,104,7,97,12.0,0.1153846153846153,0.0,0.4473805597004734,1.7142857142857142,0.0810185185185185,14.857142857142858,0.9326923076923076,0.2640000804891907,0.3846153846153846,0.0292177191328935,False,-0.0320512820512821,0.0,1.1666666666666667,1.2857142857142858,1.2513736263736266,1.027442371020856
retrospective_method_development,provisional_downstream_recommendation,ADI+CV2+acf1+nonzero_mean,FRH0033,1,407,407,1.0,135,98,37,540.5,4.003703703703704,3.0,4.111844148264018,5.51530612244898,0.4909340139436804,1.3775510204081634,0.2740740740740741,0.7594189364346138,0.0,0.4302210621011512,False,-0.326482982955748,0.0,4.170212765957447,1.2855028412845249,1.197883597883598,1.073145039764908
retrospective_method_development,provisional_downstream_recommendation,ADI+CV2+acf1+nonzero_mean,FRH0035,2,392,392,1.0,104,13,91,25.0,0.2403846153846154,0.0,0.7035995152210297,1.9230769230769231,0.2010666666666666,8.0,0.875,0.1242325620702522,0.6153846153846154,0.469881814715973,False,-0.2740000000000001,0.3104502571851138,2.08,1.1942857142857144,1.2513736263736266,0.9543798024149286
retrospective_method_development,provisional_downstream_recommendation,ADI+CV2+acf1+nonzero_mean,FRH0037,2,398,398,1.0,104,10,94,13.0,0.125,0.0,0.4337128037267344,1.3,0.269559500328731,10.4,0.903846153846154,0.1777815305637589,0.5673076923076923,0.4834503510531562,False,-0.1754015215553678,0.3370951840311603,2.3076923076923075,0.956043956043956,1.2513736263736266,0.7639956092206366
retrospective_method_development,provisional_downstream_recommendation,ADI+CV2+acf1+nonzero_mean,FRH0042,2,393,393,1.0,104,10,94,16.0,0.1538461538461538,0.0,0.5170722427832577,1.6,0.1909722222222222,10.4,0.903846153846154,0.2191069559077567,0.3269230769230769,0.527522935779816,False,0.0789835164835163,0.0,1.875,1.5089285714285714,1.2513736263736266,1.2058177826564214
retrospective_method_development,provisional_downstream_recommendation,ADI+CV2+acf1+nonzero_mean,FRH0043,2,398,398,1.0,135,12,123,17.0,0.1259259259259259,0.0,0.4640771556674412,1.4166666666666667,0.3133060710915382,11.25,0.9111111111111112,0.2814900421252254,0.1037037037037037,0.3065976714100908,False,0.1397923875432525,0.0,2.117647058823529,0.8151260504201681,1.197883597883598,0.6804718353772604
retrospective_method_development,provisional_downstream_recommendation,ADI+CV2+acf1+nonzero_mean,FRH0046,1,396,396,1.0,135,82,53,285.0,2.111111111111111,1.0,3.4676902430711056,3.475609756097561,1.249351101383522,1.646341463414634,0.3925925925925926,0.3981083687821525,0.0,0.7771692946790805,False,1.890296984290792,0.0,5.754385964912281,1.204511278195489,1.197883597883598,1.0055328249953508
retrospective_method_development,provisional_downstream_recommendation,ADI+CV2+acf1+nonzero_mean,FRH0048,1,396,396,1.0,135,105,30,685.5,5.0777777777777775,5.0,4.202867614586258,6.5285714285714285,0.309622954596117,1.2857142857142858,0.2222222222222222,0.747230194355001,0.0,0.5620292282343292,False,1.0918989526274891,0.0501790754922978,2.603938730853392,1.134555937619395,1.197883597883598,0.9471337111752016
retrospective_method_development,provisional_downstream_recommendation,ADI+CV2+acf1+nonzero_mean,FRH0051,1,395,395,1.0,135,104,31,420.0,3.111111111111111,2.0,2.9056472720637894,4.038461538461538,0.441615921449486,1.2980769230769231,0.2296296296296296,0.788501568606629,0.0,0.55925195174389,False,0.7286150015561779,0.0,3.219047619047619,1.4551020408163264,1.197883597883598,1.2147274103987884
retrospective_method_development,provisional_downstream_recommendation,ADI+CV2+acf1+nonzero_mean,FRH0056,1,412,412,1.0,135,108,27,974.0,7.214814814814815,6.0,6.270500926436069,9.01851851851852,0.4035485087076398,1.25,0.2,0.7748735813361405,0.0,0.6328630185600012,False,1.398284817006885,0.0,2.7720739219712525,1.171457905544148,1.197883597883598,0.9779396826318194
retrospective_method_development,provisional_downstream_recommendation,ADI+CV2+acf1+nonzero_mean,FRH0056-1,2,410,410,1.0,135,11,124,14.0,0.1037037037037037,0.0,0.39159212091829,1.2727272727272727,0.2581632653061225,12.272727272727272,0.9185185185185184,0.2437575526040062,0.0592592592592592,0.2209302325581393,False,0.3065826330532213,0.0,2.357142857142857,1.510204081632653,1.197883597883598,1.2607269056032304
retrospective_method_development,provisional_downstream_recommendation,ADI+CV2+acf1+nonzero_mean,FRH0059,1,396,396,1.0,135,60,75,304.0,2.251851851851852,0.0,4.088057814452512,5.066666666666666,0.9135992300107988,2.25,0.5555555555555556,0.336425781162077,0.0,0.8072586963133165,False,-0.3735810113519095,0.0,3.947368421052632,1.4976503759398496,1.197883597883598,1.2502470011158635
retrospective_method_development,provisional_downstream_recommendation,ADI+CV2+acf1+nonzero_mean,FRW0005,1,393,393,1.0,135,96,39,334.0,2.474074074074074,2.0,2.268636350320269,3.4791666666666665,0.3078066998684636,1.40625,0.2888888888888888,0.7450394007564991,0.0074074074074074,0.5493732803424034,False,0.8310907596571561,0.0,2.586826347305389,1.2245508982035929,1.197883597883598,1.0222620130763207
retrospective_method_development,provisional_downstream_recommendation,ADI+CV2+acf1+nonzero_mean,FRW0006,1,407,407,1.0,135,109,26,686.0,5.0814814814814815,4.0,4.740350531550166,6.293577981651376,0.5095172654188241,1.238532110091743,0.1925925925925926,0.6204351154235104,0.0,0.628727936234609,False,0.2308609157948891,0.007395280728198,4.290087463556851,1.3995210329029573,1.197883597883598,1.1683280707537935
retrospective_method_development,provisional_downstream_recommendation,ADI+CV2+acf1+nonzero_mean,FRW0008,2,398,398,1.0,135,13,122,18.0,0.1333333333333333,0.0,0.453839342998964,1.3846153846153846,0.220679012345679,10.384615384615383,0.9037037037037036,0.2279873501495638,0.0,0.2159456479723024,False,0.4248366013071896,0.0,2.1666666666666665,1.753968253968254,1.197883597883598,1.4642226148409891
retrospective_method_development,provisional_downstream_recommendation,ADI+CV2+acf1+nonzero_mean,FRW0011,2,389,389,1.0,104,7,97,8.0,0.0769230769230769,0.0,0.3018489203631863,1.1428571428571428,0.109375,14.857142857142858,0.9326923076923076,0.173810317755352,0.6057692307692307,0.3602484472049662,False,-0.1230769230769231,0.2955050714195203,1.75,0.9642857142857144,1.2513736263736266,0.770581778265642
retrospective_method_development,provisional_downstream_recommendation,ADI+CV2+acf1+nonzero_mean,FRW0015,1,399,399,1.0,135,42,93,349.0,2.585185185185185,0.0,5.8403961033953005,8.30952380952381,0.9088655405728772,3.2142857142857144,0.6888888888888889,0.2723072780439768,0.0074074074074074,0.8225255526250806,False,0.93058036968369,0.5316900672352558,3.730659025787965,0.7834629553827263,1.197883597883598,0.6540393046260391
retrospective_method_development,provisional_downstream_recommendation,ADI+CV2+acf1+nonzero_mean,FRW0020,2,408,408,1.0,104,5,99,5.0,0.048076923076923,0.0,0.2149647834019842,1.0,0.0,20.8,0.9519230769230768,0.148628206494346,0.6730769230769231,0.369387755102039,False,-0.1203296703296703,0.1475382614906121,1.0,1.2,1.2513736263736266,0.9589462129527988
retrospective_method_development,provisional_downstream_recommendation,ADI+CV2+acf1+nonzero_mean,FRW0023,2,389,389,1.0,104,10,94,10.0,0.0961538461538461,0.0,0.296229731410389,1.0,0.0,10.4,0.903846153846154,0.3141758437671617,0.0961538461538461,0.1139784946236556,False,0.1483516483516483,0.0,1.0,1.085714285714286,1.2513736263736266,0.8676180021953896
retrospective_method_development,provisional_downstream_recommendation,ADI+CV2+acf1+nonzero_mean,FSTBY001,2,397,397,1.0,135,7,128,9.0,0.0666666666666666,0.0,0.3041994632356142,1.2857142857142858,0.1440329218106995,19.285714285714285,0.9481481481481482,0.0961151987913909,0.0,0.2445390397527426,False,0.2775599128540305,0.0,1.5555555555555554,1.873015873015873,1.197883597883598,1.5636042402826853
retrospective_method_development,provisional_downstream_recommendation,ADI+CV2+acf1+nonzero_mean,FZGLS0001,2,397,397,1.0,135,6,129,7.0,0.0518518518518518,0.0,0.2538808781227837,1.1666666666666667,0.1224489795918367,22.5,0.9555555555555556,0.1370135163077793,0.0814814814814814,0.1892826274848743,False,0.1815126050420167,0.0,1.7142857142857142,1.3673469387755102,1.197883597883598,1.1414689550731951
retrospective_method_development,provisional_downstream_recommendation,ADI+CV2+acf1+nonzero_mean,FZGLS0002,2,397,397,1.0,135,8,127,8.0,0.0592592592592592,0.0,0.2369886628361788,1.0,0.0,16.875,0.9407407407407408,0.1983412240984818,0.1259259259259259,0.3353174603174605,False,0.1692810457516339,0.0,1.0,0.8928571428571428,1.197883597883598,0.7453621908127207
retrospective_method_development,provisional_downstream_recommendation,ADI+CV2+acf1+nonzero_mean,FZLRJ0001,1,418,418,1.0,135,37,98,109.0,0.8074074074074075,0.0,1.6673961919133302,2.945945945945946,0.4463325093182289,3.6486486486486487,0.725925925925926,0.3952865963569216,0.0,0.6651477567664547,False,0.8311706741820071,0.0,3.3944954128440368,1.237221494102228,1.197883597883598,1.0328394981683795
retrospective_method_development,provisional_downstream_recommendation,ADI+CV2+acf1+nonzero_mean,FZLRJ0001double,2,399,399,1.0,135,5,130,5.0,0.037037037037037,0.0,0.1895559385561465,1.0,0.0,27.0,0.9629629629629628,0.1266552973329359,0.0074074074074074,-0.0387596899224806,False,0.1222222222222222,0.0,1.0,0.8,1.197883597883598,0.6678445229681979
retrospective_method_development,provisional_downstream_recommendation,ADI+CV2+acf1+nonzero_mean,FZLRJ0002,1,402,402,1.0,135,54,81,270.0,2.0,0.0,3.644664880280797,5.0,0.732075471698113,2.5,0.6,0.3758339520341596,0.0,0.6842361688500653,False,1.5858823529411763,0.1071383924567747,3.8,1.3846560846560845,1.197883597883598,1.155918727915194
retrospective_method_development,provisional_downstream_recommendation,ADI+CV2+acf1+nonzero_mean,FZLRJ0002double,2,402,402,1.0,135,13,122,22.0,0.1629629629629629,0.0,0.5757202809538701,1.6923076923076923,0.3133608815426997,10.384615384615383,0.9037037037037036,0.2510687576073954,0.0074074074074074,0.4367854741089437,False,0.3043374925727867,0.0,2.363636363636364,1.7077922077922076,1.197883597883598,1.4256745904272403
retrospective_method_development,provisional_downstream_recommendation,ADI+CV2+acf1+nonzero_mean,GJMJSLW001,1,391,391,1.0,104,11,93,187.0,1.7980769230769231,0.0,10.8934645123305,17.0,3.245674740484429,9.454545454545457,0.8942307692307693,0.1131468645900777,0.4519230769230769,0.3915460572314813,False,-0.0317065287653523,0.0,5.823529411764706,2.0550038197097025,1.2513736263736266,1.6421984420951297
retrospective_method_development,provisional_downstream_recommendation,ADI+CV2+acf1+nonzero_mean,GJMJWJX001,1,414,414,1.0,135,66,69,843.0,6.2444444444444445,0.0,17.256728925281966,12.772727272727272,3.244085422674852,2.0454545454545454,0.5111111111111111,0.1869429016290618,0.1777777777777777,0.3974277372564593,False,0.2364788066274352,0.7599789741968382,12.135231316725978,2.1996271818335877,1.197883597883598,1.836261207449417
retrospective_method_development,provisional_downstream_recommendation,ADI+CV2+acf1+nonzero_mean,GJMJWJXW001,1,391,391,1.0,135,23,112,1182.0,8.755555555555556,0.0,29.8474896233489,51.391304347826086,1.1872181710427994,5.869565217391305,0.8296296296296296,0.1443067779801216,0.2,0.6312396472949092,False,0.0833792287360515,0.4827760799943425,3.8333333333333335,2.6539763113367174,1.197883597883598,2.215554429516959
retrospective_method_development,provisional_downstream_recommendation,ADI+CV2+acf1+nonzero_mean,HLGKSLT0001,1,407,407,1.0,135,54,81,140.0,1.037037037037037,0.0,1.6226356273714182,2.592592592592593,0.3790604543704274,2.5,0.6,0.5255137804580068,0.0,0.6618506497574348,False,0.9804201680672268,0.0,2.7,1.456122448979592,1.197883597883598,1.2155792529025744
retrospective_method_development,provisional_downstream_recommendation,ADI+CV2+acf1+nonzero_mean,HSAKSLT0001,2,395,395,1.0,104,6,98,9.0,0.0865384615384615,0.0,0.3715769837019344,1.5,0.1333333333333333,17.333333333333332,0.9423076923076924,0.1627094845293126,0.1923076923076923,0.085382513661202,False,0.1681318681318681,0.0833324475671128,1.3333333333333333,1.9047619047619049,1.2513736263736266,1.5221368459568236
retrospective_method_development,provisional_downstream_recommendation,ADI+CV2+acf1+nonzero_mean,HZSN0001,1,389,389,1.0,135,77,58,276.5,2.0481481481481483,1.0,2.5128910318109035,3.590909090909091,0.4281524459549236,1.7532467532467533,0.4296296296296296,0.6090466946927695,0.0074074074074074,0.5683544319380714,False,1.1457157827969444,0.0,2.7848101265822787,1.188151209851029,1.197883597883598,0.9918753474463096
retrospective_method_development,provisional_downstream_recommendation,ADI+CV2+acf1+nonzero_mean,JZJ00012,1,402,402,1.0,135,60,75,235.0,1.7407407407407407,0.0,2.919218263183472,3.9166666666666665,0.6967183555715831,2.25,0.5555555555555556,0.4738529398671351,0.0,0.6722832422026125,False,0.9485189820609096,0.0,3.8297872340425534,1.4917933130699088,1.197883597883598,1.245357491917901
retrospective_method_development,provisional_downstream_recommendation,ADI+CV2+acf1+nonzero_mean,JZJ0002,1,400,400,1.0,135,80,55,771.0,5.711111111111111,5.0,6.374935371831222,9.6375,0.3296005848617825,1.6875,0.4074074074074074,0.4557170073034178,0.0,0.7617224173182707,False,1.2831820146995243,0.0,2.905317769130999,1.259959236612933,1.197883597883598,1.0518210941689237
retrospective_method_development,provisional_downstream_recommendation,ADI+CV2+acf1+nonzero_mean,JZJ0003,1,405,405,1.0,135,79,56,1191.0,8.822222222222223,7.0,9.400592762087236,15.075949367088608,0.2478283965699023,1.7088607594936709,0.4148148148148148,0.5088635871390663,0.0,0.7907765255966074,False,1.244591516987427,0.0,2.255247691015953,1.2878733357322778,1.197883597883598,1.075123941931981
retrospective_method_development,provisional_downstream_recommendation,ADI+CV2+acf1+nonzero_mean,JZJ0008,1,402,402,1.0,104,34,70,214.0,2.0576923076923075,0.0,3.568543590978952,6.294117647058823,0.309837831542784,3.0588235294117645,0.6730769230769231,0.2857942198028513,0.048076923076923,0.752175850289618,False,0.9501283762966006,0.2436757096895545,2.383177570093458,1.1395193591455273,1.2513736263736266,0.9106148116991698
retrospective_method_development,provisional_downstream_recommendation,ADI+CV2+acf1+nonzero_mean,JZJ0009,1,401,401,1.0,135,74,61,1495.0,11.074074074074074,4.0,12.958388990084863,20.2027027027027,0.2971636767263642,1.8243243243243243,0.4518518518518518,0.4652814758726538,0.0,0.85127681012034,False,1.7054923820141212,0.0,2.1779264214046825,1.270711896798853,1.197883597883598,1.060797475684555
retrospective_method_development,provisional_downstream_recommendation,ADI+CV2+acf1+nonzero_mean,JZJ0013,1,399,399,1.0,135,86,49,1345.0,9.962962962962964,9.0,10.641658079346588,15.63953488372093,0.3626558667855694,1.569767441860465,0.362962962962963,0.5341827223735687,0.0,0.8223600261146271,False,1.2977418179167577,0.0,3.0691449814126397,1.137440254912374,1.197883597883598,0.9495415555584744
retrospective_method_development,provisional_downstream_recommendation,ADI+CV2+acf1+nonzero_mean,JZJ0017,2,387,387,1.0,135,16,119,23.0,0.1703703703703703,0.0,0.52604892713739,1.4375,0.2560806553245116,8.4375,0.8814814814814815,0.3136398161810577,0.0074074074074074,0.3252769385699898,False,0.3791986359761295,0.1400675824785661,2.0869565217391304,1.0683229813664596,1.197883597883598,0.8918420648333076
retrospective_method_development,provisional_downstream_recommendation,ADI+CV2+acf1+nonzero_mean,JZJ0019,1,389,389,1.0,135,59,76,258.25,1.912962962962963,0.0,2.5825974680058024,4.377118644067797,0.2316225208169489,2.288135593220339,0.562962962962963,0.4184274940491181,0.0,0.8121852310885838,False,1.4152747987438494,0.0,2.0561471442400774,1.369816464824071,1.197883597883598,1.1435305293805185
retrospective_method_development,provisional_downstream_recommendation,ADI+CV2+acf1+nonzero_mean,JZQCQ001,1,396,396,1.0,104,31,73,523.0,5.028846153846154,0.0,10.462560835581195,16.870967741935484,0.595099118070357,3.3548387096774195,0.7019230769230769,0.2266636946420466,0.2884615384615384,0.7532308149058502,False,0.1775271573550731,0.0,3.141491395793499,1.0568150778475824,1.2513736263736266,0.8445240139111305
retrospective_method_development,provisional_downstream_recommendation,ADI+CV2+acf1+nonzero_mean,JZQCQ003,1,408,408,1.0,104,37,67,506.0,4.865384615384615,0.0,13.218887408426404,13.675675675675675,2.011046189685131,2.810810810810811,0.6442307692307693,0.2213412064997323,0.2211538461538461,0.6184534046616927,False,0.2196890066455281,0.0,6.946640316205534,1.1933935629587804,1.2513736263736266,0.9536668648013084
retrospective_method_development,provisional_downstream_recommendation,ADI+CV2+acf1+nonzero_mean,KFYFQ54mm,1,400,400,1.0,30,20,10,157.0,5.233333333333333,7.5,4.567207787388273,7.85,0.1657849303638286,1.5,0.3333333333333333,0.5821982039825999,0.0,0.5531671922501304,False,1.1601945072255326,,1.910828025477707,1.1765241128298454,1.0238095238095235,1.149163086950082
retrospective_method_development,provisional_downstream_recommendation,ADI+CV2+acf1+nonzero_mean,KFYFQ58mm,1,403,403,1.0,30,29,1,228.5,7.616666666666666,6.625,5.569209275473762,7.879310344827586,0.4829050277610003,1.0344827586206895,0.0333333333333333,0.5223815881775198,0.0,0.5805405106764262,False,1.1753935201524666,,2.9190371991247264,1.1925601750547046,1.0238095238095235,1.1648262174952932
retrospective_method_development,provisional_downstream_recommendation,ADI+CV2+acf1+nonzero_mean,KFZ0001,2,399,399,1.0,104,6,98,6.0,0.0576923076923076,0.0,0.2342897996744972,1.0,0.0,17.333333333333332,0.9423076923076924,0.2189199508362605,0.173076923076923,-0.0618556701030927,False,0.1164835164835164,0.2506518677571477,1.0,1.357142857142857,1.2513736263736266,1.084522502744237
retrospective_method_development,provisional_downstream_recommendation,ADI+CV2+acf1+nonzero_mean,LTKF0005A,2,396,396,1.0,104,14,90,20.0,0.1923076923076923,0.0,0.5410691156418179,1.4285714285714286,0.2046153846153846,7.428571428571429,0.8653846153846154,0.4195790372810736,0.048076923076923,0.2695035460992915,False,0.2815384615384615,0.4242468753438667,2.1,1.657142857142857,1.2513736263736266,1.3242590559824363
retrospective_method_development,provisional_downstream_recommendation,ADI+CV2+acf1+nonzero_mean,LTKF0020,1,410,410,1.0,135,73,62,1509.0,11.177777777777775,4.0,14.139954330114064,20.671232876712327,0.4051964993779317,1.8493150684931507,0.4592592592592592,0.5252202731532192,0.0,0.7411124647502942,False,1.5291687781805898,0.1992116681455687,2.9025844930417497,0.9891129413992238,1.197883597883598,0.8257170756380445
retrospective_method_development,provisional_downstream_recommendation,ADI+CV2+acf1+nonzero_mean,LTKF0021,1,394,394,1.0,135,72,63,313.00000000000006,2.318518518518519,1.0,3.0257920215467826,4.347222222222222,0.4410862361031421,1.875,0.4666666666666667,0.5814364328585642,0.0,0.6332853925261976,False,1.105306020171647,0.0,2.9904153354632586,1.1293473299863073,1.197883597883598,0.9427855360751416
retrospective_method_development,provisional_downstream_recommendation,ADI+CV2+acf1+nonzero_mean,LTKF0022M,1,399,399,1.0,135,55,80,180.0,1.3333333333333333,0.0,2.412653212210172,3.272727272727273,0.7450274348422495,2.4545454545454546,0.5925925925925926,0.3832517435503939,0.0,0.7480726743080394,False,1.2180283224400872,0.0,4.583333333333333,1.315873015873016,1.197883597883598,1.0984982332155475
retrospective_method_development,provisional_downstream_recommendation,ADI+CV2+acf1+nonzero_mean,LTKF0024A,2,403,403,1.0,104,15,89,21.0,0.2019230769230769,0.0,0.5284123076168137,1.4,0.131195335276968,6.933333333333334,0.8557692307692307,0.2793070853686231,0.0865384615384615,0.5473292765382023,False,0.3182888540031396,0.3467290282087025,1.4285714285714286,1.1564625850340136,1.2513736263736266,0.9241545136166428
retrospective_method_development,provisional_downstream_recommendation,ADI+CV2+acf1+nonzero_mean,LTKF0031,1,410,410,1.0,135,64,71,272.5,2.0185185185185186,0.0,3.2057464641612,4.2578125,0.6714545462372523,2.109375,0.5259259259259259,0.357159042132215,0.0,0.6576716199785664,False,0.9551582019148128,0.0,3.992660550458716,1.4435124508519006,1.197883597883598,1.205052355172302
retrospective_method_development,provisional_downstream_recommendation,ADI+CV2+acf1+nonzero_mean,LTKF0058,2,406,406,1.0,135,12,123,18.0,0.1333333333333333,0.0,0.4699952365589034,1.5,0.202020202020202,11.25,0.9111111111111112,0.1749880696361233,0.0814814814814814,0.560544904137235,False,0.330718954248366,0.0,2.0,1.865079365079365,1.197883597883598,1.5569787985865722
retrospective_method_development,provisional_downstream_recommendation,ADI+CV2+acf1+nonzero_mean,LTKF0101,1,416,416,1.0,135,45,90,431.0,3.1925925925925926,0.0,5.656189709890668,9.577777777777778,0.380294376302688,3.0,0.6666666666666666,0.3596115941582434,0.0,0.6555297850103867,False,1.0410126927801284,0.0,2.923433874709977,1.2316871063970831,1.197883597883598,1.0282193600223
retrospective_method_development,provisional_downstream_recommendation,ADI+CV2+acf1+nonzero_mean,LTKF0102,2,402,402,1.0,135,16,119,28.0,0.2074074074074074,0.0,0.6120225375849203,1.75,0.1523809523809523,8.4375,0.8814814814814815,0.2319870837819383,0.0592592592592592,0.4815476190476188,False,0.338375350140056,0.0219978573197858,1.7142857142857142,0.7806122448979592,1.197883597883598,0.6516595153962644
retrospective_method_development,provisional_downstream_recommendation,ADI+CV2+acf1+nonzero_mean,LTKF0106,2,404,404,1.0,135,5,130,7.0,0.0518518518518518,0.0,0.2817461151652745,1.4,0.1530612244897959,27.0,0.9629629629629628,0.1621276315304686,0.0222222222222222,-0.0343859649122806,False,0.1293183940242764,0.0,1.4285714285714286,2.0816326530612246,1.197883597883598,1.737758707723372
retrospective_method_development,provisional_downstream_recommendation,ADI+CV2+acf1+nonzero_mean,LTKF098,1,394,394,1.0,135,35,100,176.0,1.3037037037037038,0.0,2.7570102617137886,5.0285714285714285,0.4221864365580943,3.857142857142857,0.7407407407407407,0.2872921160693582,0.0222222222222222,0.7266028651949273,False,0.8311980095068331,0.0,2.9829545454545454,0.9212662337662336,1.197883597883598,0.7690782605203982
retrospective_method_development,provisional_downstream_recommendation,ADI+CV2+acf1+nonzero_mean,LYC0203,2,404,404,1.0,135,15,120,24.0,0.1777777777777777,0.0,0.5580705923712983,1.6,0.2120535714285714,9.0,0.8888888888888888,0.3214932319573805,0.0518518518518518,0.40050107372942,False,0.3627450980392156,0.0,1.875,0.8630952380952381,1.197883597883598,0.7205167844522968
retrospective_method_development,provisional_downstream_recommendation,ADI+CV2+acf1+nonzero_mean,QCCXC0004,1,396,396,1.0,135,13,122,115.0,0.8518518518518519,0.0,4.686465935325143,8.846153846153847,2.155034656584751,10.384615384615383,0.9037037037037036,0.1280402264821551,0.1259259259259259,0.5534115033137315,False,-0.0936118215402103,0.0,5.08695652173913,0.9403726708074532,1.197883597883598,0.7850284221846673
retrospective_method_development,provisional_downstream_recommendation,ADI+CV2+acf1+nonzero_mean,QCCXC0007,1,377,377,1.0,104,45,59,255.0,2.451923076923077,0.0,4.570181074932542,5.666666666666667,0.942434727901856,2.311111111111111,0.5673076923076923,0.4229737529034763,0.1057692307692307,0.5396018991854749,False,0.8370071105365221,0.1517613712950098,6.0,1.1955182072829134,1.2513736263736266,0.9553647144917242
retrospective_method_development,provisional_downstream_recommendation,ADI+CV2+acf1+nonzero_mean,QCXDS001,1,412,412,1.0,104,17,87,135.0,1.2980769230769231,0.0,4.564276243293492,7.9411764705882355,1.2378052126200272,6.117647058823529,0.8365384615384616,0.180784687434418,0.25,0.638069535134355,False,0.0334188034188033,0.0,3.903703703703704,1.5544973544973546,1.2513736263736266,1.2422327926169856
retrospective_method_development,provisional_downstream_recommendation,ADI+CV2+acf1+nonzero_mean,QCXXC0002,2,410,410,1.0,104,12,92,23.0,0.2211538461538461,0.0,0.6961298111456268,1.9166666666666667,0.2701495102251245,8.666666666666666,0.8846153846153846,0.3588050615855029,0.2211538461538461,0.3783099688473507,False,0.0513139034878164,0.0,2.0869565217391304,1.596273291925466,1.2513736263736266,1.275616856774686
retrospective_method_development,provisional_downstream_recommendation,ADI+CV2+acf1+nonzero_mean,QFSJZ003,2,410,410,1.0,135,9,126,10.0,0.074074074074074,0.0,0.2898694927554346,1.1111111111111112,0.09,15.0,0.9333333333333332,0.2539506841701547,0.0814814814814814,0.0225464190981434,False,0.1447058823529411,0.0,1.7999999999999998,1.2857142857142858,1.197883597883598,1.073321554770318
retrospective_method_development,provisional_downstream_recommendation,ADI+CV2+acf1+nonzero_mean,RLHZHMV000AMDE,1,408,408,1.0,135,91,44,885.0,6.555555555555555,4.0,7.966034863267049,9.725274725274724,0.6694008036572435,1.4835164835164836,0.3259259259259259,0.615064230278894,0.0,0.787164441661416,False,0.8679627783316716,0.0,3.8045197740113,1.0326069410815175,1.197883597883598,0.862026112475295
retrospective_method_development,provisional_downstream_recommendation,ADI+CV2+acf1+nonzero_mean,SKZ2FT01,1,394,394,1.0,30,10,20,33.0,1.1,0.0,1.9360464514233555,3.3,0.3683297622691563,3.0,0.6666666666666666,0.1495772904631991,0.0,0.7312633619885773,False,1.296187683284458,,2.4242424242424243,1.3939393939393938,1.0238095238095235,1.3615221987315014
retrospective_method_development,provisional_downstream_recommendation,ADI+CV2+acf1+nonzero_mean,SKZ3FT01,1,411,411,1.0,30,10,20,60.0,2.0,0.0,4.042873679229528,6.0,0.7222222222222221,3.0,0.6666666666666666,0.2724779597763573,0.0333333333333333,0.6594745339791576,False,1.1053763440860218,,2.833333333333333,0.9571428571428572,1.0238095238095235,0.9348837209302328
retrospective_method_development,provisional_downstream_recommendation,ADI+CV2+acf1+nonzero_mean,XHP0001,1,394,394,1.0,135,39,96,1380.0,10.22222222222222,0.0,33.55206839424864,35.38461538461539,2.4406979405034326,3.4615384615384617,0.7111111111111111,0.2923272385949826,0.0,0.5403865703015948,False,1.3036757601591362,0.0,5.878260869565217,1.1200828157349896,1.197883597883598,0.9350514671992624
retrospective_method_development,provisional_downstream_recommendation,ADI+CV2+acf1+nonzero_mean,XHZXCZP0001,1,381,381,1.0,135,81,54,852.0,6.311111111111111,3.0,9.06071285346442,10.51851851851852,0.8378834184685576,1.6666666666666667,0.4,0.3564078947491969,0.0,0.8370945591476436,False,1.0480115990057992,0.0,3.707746478873239,1.288397048960429,1.197883597883598,1.0755611406957644
retrospective_method_development,provisional_downstream_recommendation,ADI+CV2+acf1+nonzero_mean,XHZXCZP0002,1,398,398,1.0,135,42,93,150.5,1.114814814814815,0.0,2.2807932149432406,3.583333333333333,0.6184015090556529,3.2142857142857144,0.6888888888888889,0.2420286213278695,0.0,0.8100988293552032,False,1.3140902872777018,0.0,3.3488372093023253,0.9875652586616042,1.197883597883598,0.8244250613385299
retrospective_method_development,provisional_downstream_recommendation,ADI+CV2+acf1+nonzero_mean,XMJ0004,1,397,397,1.0,30,12,18,89.0,2.966666666666667,0.0,4.852893437181954,7.416666666666667,0.4741825527079913,2.5,0.6,0.2199546235964502,0.0,0.6544957172320242,False,1.3039507067778182,,2.02247191011236,1.6645264847512038,1.0238095238095235,1.6258165665011763
retrospective_method_development,provisional_downstream_recommendation,ADI+CV2+acf1+nonzero_mean,XMSH0001,1,393,393,1.0,30,17,13,115.0,3.8333333333333335,2.0,5.63904695624293,6.764705882352941,0.7990642722117202,1.7647058823529411,0.4333333333333333,0.4972861385886298,0.0,0.4186652091127143,False,0.4568302945301544,,3.5478260869565217,1.145341614906832,1.0238095238095235,1.1187057633973712
retrospective_method_development,provisional_downstream_recommendation,ADI+CV2+acf1+nonzero_mean,XXGP0002,1,386,386,1.0,30,7,23,51.0,1.7,0.0,3.770575735787619,7.285714285714286,0.4001025246699987,4.285714285714286,0.7666666666666667,0.170028671084552,0.4,0.7117101937657959,False,-0.0203668564199874,,1.6470588235294117,0.9355742296918768,1.0238095238095235,0.9138166894664844
retrospective_method_development,provisional_downstream_recommendation,ADI+CV2+acf1+nonzero_mean,XYJ0001,1,405,405,1.0,30,20,10,72.0,2.4,1.2142857142857144,2.987989092639729,3.6,0.7005940777870602,1.5,0.3333333333333333,0.2109836349510478,0.0333333333333333,0.5662706913339827,False,1.1039426523297489,,3.055555555555556,1.3472222222222223,1.0238095238095235,1.3158914728682176
retrospective_method_development,provisional_downstream_recommendation,ADI+CV2+acf1+nonzero_mean,XYMGPD0001,1,394,394,1.0,30,13,17,37.0,1.2333333333333334,0.0,1.8879533405494835,2.8461538461538463,0.4494765035305575,2.3076923076923075,0.5666666666666667,0.4487926308714378,0.1333333333333333,0.7151084010840105,False,-1.0948561464690507,,2.8108108108108105,1.1351351351351353,1.0238095238095235,1.108736643620365
retrospective_method_development,provisional_downstream_recommendation,ADI+CV2+acf1+nonzero_mean,YDBZ001,1,393,393,1.0,135,41,94,116.0,0.8592592592592593,0.0,1.6668988229686807,2.8292682926829267,0.4491230677764566,3.292682926829268,0.6962962962962963,0.3897585448366114,0.037037037037037,0.7470276349614394,False,0.6013240928555329,0.2005777762493698,3.53448275862069,0.8349753694581281,1.197883597883598,0.6970421591324478
retrospective_method_development,provisional_downstream_recommendation,ADI+CV2+acf1+nonzero_mean,YDBZ002,1,398,398,1.0,135,36,99,127.5,0.9444444444444444,0.0,2.441033444794841,3.5416666666666665,1.06444686109738,3.75,0.7333333333333333,0.3149774934562401,0.1703703703703703,0.5384358069858621,False,0.4644982698961938,0.0,5.364705882352942,1.092156862745098,1.197883597883598,0.9117387237580544
retrospective_method_development,provisional_downstream_recommendation,ADI+CV2+acf1+nonzero_mean,YDBZLV0001AMDE,2,413,413,1.0,104,9,95,13.0,0.125,0.0,0.4555483199888461,1.4444444444444444,0.2529585798816567,11.555555555555555,0.9134615384615384,0.2250857954309142,0.4326923076923077,0.3445454545454527,False,-0.020160608622147,0.0,2.076923076923077,1.6483516483516485,1.2513736263736266,1.3172338090010975
retrospective_method_development,provisional_downstream_recommendation,ADI+CV2+acf1+nonzero_mean,YDBZWV0001AMDE,2,392,392,1.0,104,9,95,15.0,0.1442307692307692,0.0,0.5104399250669124,1.6666666666666667,0.18,11.555555555555555,0.9134615384615384,0.1665889450306823,0.3846153846153846,0.4406227371469946,False,0.055054945054945,0.0,1.7999999999999998,0.9904761904761904,1.2513736263736266,0.7915111598975484
retrospective_method_development,provisional_downstream_recommendation,ADI+CV2+acf1+nonzero_mean,YEC0009,1,390,390,1.0,30,11,19,35.0,1.1666666666666667,0.0,2.0014362658942657,3.1818181818181817,0.4507755102040817,2.727272727272727,0.6333333333333333,0.3547908122365881,0.3666666666666666,0.6427283653846153,False,-0.5008294930875581,,2.2,1.1102040816326533,1.0238095238095235,1.0843853820598013
retrospective_method_development,provisional_downstream_recommendation,ADI+CV2+acf1+nonzero_mean,YJX0025,2,400,400,1.0,104,5,99,8.0,0.0769230769230769,0.0,0.3604826239650558,1.6,0.1171874999999999,20.8,0.9519230769230768,0.1842747769733577,0.1923076923076923,0.1030478955007256,False,0.1133241758241758,0.163306611921515,1.25,1.2857142857142856,1.2513736263736266,1.027442371020856
retrospective_method_development,provisional_downstream_recommendation,ADI+CV2+acf1+nonzero_mean,YXBLJ0001,2,408,408,1.0,135,17,118,24.0,0.1777777777777777,0.0,0.5306524661216558,1.411764705882353,0.2545572916666666,7.9411764705882355,0.8740740740740741,0.2608036719134456,0.0074074074074074,0.363420427553444,False,0.4541666666666666,0.0,2.125,1.607142857142857,1.197883597883598,1.3416519434628973
retrospective_method_development,provisional_downstream_recommendation,ADI+CV2+acf1+nonzero_mean,ZJJYZBV001AMDE,1,391,391,1.0,104,32,72,87.0,0.8365384615384616,0.0,1.481999285425433,2.71875,0.2726230507289922,3.25,0.6923076923076923,0.377943927551768,0.1442307692307692,0.7206388841053889,False,-0.0297082228116711,0.3650841987065014,2.206896551724138,1.2545155993431856,1.2513736263736266,1.0025108192336325
retrospective_method_development,provisional_downstream_recommendation,ADI+CV2+acf1+nonzero_mean,ZJJYZSJSV2AMDE,2,409,409,1.0,104,13,91,21.0,0.2019230769230769,0.0,0.5974022679514595,1.6153846153846154,0.2260015117157974,8.0,0.875,0.1806745818753524,0.5480769230769231,0.5914859862506602,False,-0.1894557823129252,0.4775480891378821,1.8571428571428568,1.2585034013605445,1.2513736263736266,1.0056975589357586
retrospective_method_development,provisional_downstream_recommendation,ADI+CV2+acf1+nonzero_mean,ZTD0003,1,396,396,1.0,135,39,96,100.0,0.7407407407407407,0.0,1.6476398311598548,2.5641025641025643,0.7262210526315791,3.4615384615384617,0.7111111111111111,0.3390280173668814,0.0,0.7958836203921271,False,0.99156862745098,0.0,4.68,1.7037362637362636,1.197883597883598,1.422288665398206
retrospective_method_development,provisional_downstream_recommendation,ADI+CV2+acf1+nonzero_mean,xymzd0015,1,396,396,1.0,30,28,2,118.0,3.933333333333333,3.590909090909091,2.53287682187179,4.214285714285714,0.3188487382684452,1.0714285714285714,0.0666666666666666,0.3410225676414322,0.0,0.4744826916265302,False,0.508255877528704,,2.3728813559322037,1.1760950913493284,1.0238095238095235,1.148744042713298
retrospective_method_development,provisional_downstream_recommendation,ADI+CV2+acf1+nonzero_mean,zxy0002,2,393,393,1.0,30,5,25,5.0,0.1666666666666666,0.0,0.3790490217894517,1.0,0.0,6.0,0.8333333333333334,0.3198439193895198,0.0666666666666666,0.0333333333333333,False,0.5741935483870969,,1.0,1.0285714285714285,1.0238095238095235,1.0046511627906978
