sku,n_observed,n_positive,n_zero,total_sales,mean_sales,median_sales,std_sales,nonzero_mean,CV2,ADI,zero_ratio,approx_entropy,trailing_zero_share,acf1,acf1_zero_variance
BLJZ0001,104,7,97,11.0,0.10576923076923077,0.0,0.4388482107218525,1.5714285714285714,0.25068870523415987,14.857142857142858,0.9326923076923077,0.14958050269913592,0.028846153846153848,0.14250734573947113,False
BLP0001,135,41,94,314.0,2.325925925925926,0.0,4.59205938522763,7.658536585365853,0.49068927745547514,3.292682926829268,0.6962962962962963,0.316008733992323,0.0,0.6483540794354571,False
BLP0002,135,39,96,95.0,0.7037037037037037,0.0,1.5016114432431305,2.4358974358974357,0.6102172328327745,3.4615384615384617,0.7111111111111111,0.2819805646509488,0.0,0.3589750758571921,False
BLP0003,135,17,118,21.0,0.15555555555555556,0.0,0.43822346011484237,1.2352941176470589,0.12528344671201816,7.9411764705882355,0.8740740740740741,0.2972217279190187,0.02962962962962963,0.41654571843251076,False
BLP0004,135,5,130,9.0,0.06666666666666667,0.0,0.3705582718491397,1.8,0.21604938271604937,27.0,0.9629629629629629,0.10003748456495243,0.18518518518518517,0.238945233265721,False
BLP0005,30,4,26,6.0,0.2,0.0,0.5508613944197477,1.5,0.1481481481481481,7.5,0.8666666666666667,0.3084107553436236,0.26666666666666666,0.31496062992126056,False
BLP0007,30,1,29,1.0,0.03333333333333333,0.0,0.18257418583505536,1.0,,30.0,0.9666666666666667,0.15945017978211307,0.1,-0.03571428571428572,False
CBJZ0001,104,1,103,1.0,0.009615384615384616,0.0,0.09805806756909202,1.0,,104.0,0.9903846153846154,0.05578108497051587,0.6057692307692307,-0.009803921568627501,False
CFSNT008,30,4,26,13.0,0.43333333333333335,0.0,1.2780193008453875,3.25,0.33925049309664695,7.5,0.8666666666666667,0.015755492363077717,0.0,0.9251256683494851,False
CLSSLT0003,135,21,114,39.0,0.28888888888888886,0.0,0.8627158321053198,1.8571428571428572,0.559171597633136,6.428571428571429,0.8444444444444444,0.414096552843231,0.022222222222222223,0.20721935145660078,False
CLSSLT0006,135,27,108,50.0,0.37037037037037035,0.0,0.852920712844468,1.8518518518518519,0.26252307692307697,5.0,0.8,0.4554717509352204,0.0,0.32625830692283986,False
CWW0002,135,47,88,745.0,5.518518518518518,0.0,10.310009519699596,15.851063829787234,0.5663677507672,2.872340425531915,0.6518518518518519,0.30212233961161794,0.0,0.8243996567988902,False
DGNTYBV001AMDE,104,2,102,2.0,0.019230769230769232,0.0,0.1380002272946792,1.0,0.0,52.0,0.9807692307692307,0.0697791944535408,0.4326923076923077,-0.01980198019801988,False
DHZXCZP0001,135,30,105,106.0,0.7851851851851852,0.0,2.012591650588288,3.533333333333333,0.6945654976000788,4.5,0.7777777777777778,0.23996313257108426,0.007407407407407408,0.49829313952207943,False
DRMJJ0020,104,12,92,23.0,0.22115384615384615,0.0,0.8355770143890716,1.9166666666666667,0.8145729506788105,8.666666666666666,0.8846153846153846,0.14620277274658877,0.07692307692307693,0.3599027289921643,False
DRMJJ0021,135,15,120,28.0,0.2074074074074074,0.0,0.6921338009750597,1.8666666666666667,0.3635204081632652,9.0,0.8888888888888888,0.25725307354935867,0.07407407407407407,0.5167519776640299,False
DRMJJ0022,135,40,95,89.0,0.6592592592592592,0.0,1.2996151150276773,2.225,0.45047407249149446,3.375,0.7037037037037037,0.46589757440857027,0.0,0.4890643512552939,False
DRMJJ0023,135,51,84,185.0,1.3703703703703705,0.0,2.4608600023882583,3.627450980392157,0.5987377647918191,2.6470588235294117,0.6222222222222222,0.5077017966000847,0.022222222222222223,0.6627920910724997,False
DRMJJ0024,104,2,102,2.0,0.019230769230769232,0.0,0.1380002272946792,1.0,0.0,52.0,0.9807692307692307,0.09720027103860032,0.25961538461538464,-0.019801980198019837,False
DRMJJ0025,135,21,114,37.0,0.2740740740740741,0.0,0.7474297214467288,1.7619047619047619,0.31906501095690293,6.428571428571429,0.8444444444444444,0.34758780028989955,0.007407407407407408,0.41163556531284345,False
DRMJJ0026,135,15,120,33.0,0.24444444444444444,0.0,0.8933140266718955,2.2,0.6257378984651708,9.0,0.8888888888888888,0.2818546573068318,0.022222222222222223,0.41051602541721965,False
DRMJJ0027,135,9,126,15.0,0.1111111111111111,0.0,0.4835605916233706,1.6666666666666667,0.3599999999999998,15.0,0.9333333333333333,0.1661288356791284,0.0,0.531349183445065,False
DRMJJ0038,30,6,24,9.0,0.3,0.0,0.7022132498578064,1.5,0.31111111111111117,5.0,0.8,0.4926905198700269,0.4,0.15533980582524287,False
DRMJJ0039,30,6,24,9.0,0.3,0.0,0.651258728182957,1.5,0.1333333333333333,5.0,0.8,0.35686168797291407,0.5,0.18079096045197757,False
ETZP0003,135,20,115,73.0,0.5407407407407407,0.0,1.8518363736224344,3.65,0.918706975733573,6.75,0.8518518518518519,0.17550458977379724,0.0,0.39143681352238724,False
ETZP0004,135,38,97,99.0,0.7333333333333333,0.0,1.658087371444365,2.6052631578947367,0.7290100017372745,3.5526315789473686,0.7185185185185186,0.31411383980534513,0.0,0.5639794761776686,False
FDBLHP0001,135,19,116,49.0,0.362962962962963,0.0,1.0762525324213614,2.5789473684210527,0.38951362858068395,7.105263157894737,0.8592592592592593,0.28084418356356866,0.014814814814814815,0.5163851595207163,False
FDBLP0001,135,42,93,362.0,2.6814814814814816,0.0,8.725200978613147,8.619047619047619,2.643602856162257,3.2142857142857144,0.6888888888888889,0.18553306642437584,0.0,0.5397285410705391,False
FRC0002,104,16,88,66.0,0.6346153846153846,0.0,1.7463286999602063,4.125,0.3281297826752372,6.5,0.8461538461538461,0.12731194386401967,0.5961538461538461,0.7991767764298092,False
FRC0003,135,49,86,124.0,0.9185185185185185,0.0,1.6483906753814024,2.5306122448979593,0.5341847684703435,2.7551020408163267,0.6370370370370371,0.5288026051186847,0.007407407407407408,0.4989727997370361,False
FRC0010,104,8,96,11.0,0.10576923076923077,0.0,0.39211324970913797,1.375,0.14167650531286896,13.0,0.9230769230769231,0.22406338275454551,0.4807692307692308,0.368098159509203,False
FRC0011,104,1,103,1.0,0.009615384615384616,0.0,0.09805806756909202,1.0,,104.0,0.9903846153846154,0.0557810849705159,0.7403846153846154,-0.009803921568627484,False
FRH0001,104,36,68,138.0,1.3269230769230769,0.0,2.3624995307640475,3.8333333333333335,0.44526059951390773,2.888888888888889,0.6538461538461539,0.4264990977770371,0.4230769230769231,0.6737082839234284,False
FRH0002,104,36,68,111.0,1.0673076923076923,0.0,1.9620893513937825,3.0833333333333335,0.5191693624126055,2.888888888888889,0.6538461538461539,0.2702084525486419,0.4326923076923077,0.4815096748845873,False
FRH0003,104,46,58,278.0,2.673076923076923,0.0,4.635117760555773,6.043478260869565,0.7763090247226677,2.260869565217391,0.5576923076923077,0.29291285316928595,0.057692307692307696,0.7928067117402634,False
FRH0004,104,24,80,83.0,0.7980769230769231,0.0,1.731376957448225,3.4583333333333335,0.31975360846213563,4.333333333333333,0.7692307692307693,0.17628309783768414,0.5288461538461539,0.7598311066296909,False
FRH0012,104,2,102,4.0,0.038461538461538464,0.0,0.30918235179532455,2.0,0.5000000000000001,52.0,0.9807692307692307,0.11105529749182597,0.5865384615384616,-0.015779092702169723,False
FRH0028,135,27,108,48.0,0.35555555555555557,0.0,0.9098685050695035,1.7777777777777777,0.5192307692307693,5.0,0.8,0.4541860010812193,0.014814814814814815,0.2419181034482752,False
FRH0029,104,28,76,46.0,0.4423076923076923,0.0,0.9225010650865856,1.6428571428571428,0.44500455086466434,3.7142857142857144,0.7307692307692307,0.5541903830370158,0.009615384615384616,0.31394316163410296,False
FRH0031,104,7,97,12.0,0.11538461538461539,0.0,0.44738055970047347,1.7142857142857142,0.08101851851851856,14.857142857142858,0.9326923076923077,0.26400008048919077,0.38461538461538464,0.02921771913289354,False
FRH0033,135,88,47,477.0,3.533333333333333,2.0,4.1551981471153745,5.420454545454546,0.5529523254405916,1.5340909090909092,0.34814814814814815,0.6969036873986845,0.0,0.4658114826641794,False
FRH0034,135,51,84,129.0,0.9555555555555556,0.0,1.6293331053407107,2.5294117647058822,0.47736073553272046,2.6470588235294117,0.6222222222222222,0.6283299312780275,0.17777777777777778,0.3658639183931005,False
FRH0035,104,13,91,25.0,0.2403846153846154,0.0,0.7035995152210297,1.9230769230769231,0.20106666666666664,8.0,0.875,0.12423256207025224,0.6153846153846154,0.46988181471597307,False
FRH0036,104,3,101,6.0,0.057692307692307696,0.0,0.3363690494322897,2.0,0.0,34.666666666666664,0.9711538461538461,0.0699111470864287,0.6923076923076923,0.6566666666666663,False
FRH0037,104,10,94,13.0,0.125,0.0,0.43371280372673443,1.3,0.26955950032873105,10.4,0.9038461538461539,0.1777815305637589,0.5673076923076923,0.4834503510531562,False
FRH0040,104,16,88,63.0,0.6057692307692307,0.0,2.0734955675280875,3.9375,1.0016292936927857,6.5,0.8461538461538461,0.24908280481038048,0.47115384615384615,0.5479878878307802,False
FRH0042,104,10,94,16.0,0.15384615384615385,0.0,0.5170722427832577,1.6,0.19097222222222227,10.4,0.9038461538461539,0.21910695590775675,0.3269230769230769,0.527522935779816,False
FRH0043,135,12,123,17.0,0.1259259259259259,0.0,0.46407715566744123,1.4166666666666667,0.3133060710915382,11.25,0.9111111111111111,0.28149004212522544,0.1037037037037037,0.30659767141009087,False
FRH0044,135,31,104,41.0,0.3037037037037037,0.0,0.6019132936278128,1.3225806451612903,0.12908982748364067,4.354838709677419,0.7703703703703704,0.6007903896931266,0.08888888888888889,0.19513322039119074,False
FRH0045,104,12,92,96.0,0.9230769230769231,0.0,3.0296025170806016,8.0,0.3778409090909091,8.666666666666666,0.8846153846153846,0.16619642479237917,0.4230769230769231,0.7564911703636699,False
FRH0046,135,77,58,280.0,2.074074074074074,1.0,3.4847849023099844,3.6363636363636362,1.1839473684210526,1.7532467532467533,0.42962962962962964,0.4063540659224425,0.0,0.778744108098394,False
FRH0047,104,13,91,35.0,0.33653846153846156,0.0,0.9814846780585165,2.6923076923076925,0.19278911564625847,8.0,0.875,0.2564403800072763,0.3942307692307692,0.47531347962382625,False
FRH0048,135,99,36,650.0,4.814814814814815,5.0,4.317934112832659,6.565656565656566,0.32200284989735534,1.3636363636363635,0.26666666666666666,0.7512050052721033,0.0,0.5980274061608486,False
FRH0049,104,6,98,10.0,0.09615384615384616,0.0,0.4729422627219507,1.6666666666666667,0.5279999999999999,17.333333333333332,0.9423076923076923,0.14917940761359344,0.6153846153846154,0.1315345699831368,False
FRH0050,135,55,80,126.0,0.9333333333333333,0.0,1.7156000647264948,2.290909090909091,0.7880751752003958,2.4545454545454546,0.5925925925925926,0.8092855294473709,0.1259259259259259,0.34184176591064225,False
FRH0051,135,104,31,420.0,3.111111111111111,2.0,2.9056472720637894,4.038461538461538,0.441615921449486,1.2980769230769231,0.22962962962962963,0.788501568606629,0.0,0.55925195174389,False
FRH0052,104,3,101,3.0,0.028846153846153848,0.0,0.1681845247161448,1.0,0.0,34.666666666666664,0.9711538461538461,0.13286299557309889,0.40384615384615385,-0.029999999999999912,False
FRH0056,135,108,27,974.0,7.214814814814815,6.0,6.270500926436069,9.018518518518519,0.4035485087076398,1.25,0.2,0.7748735813361405,0.0,0.6328630185600012,False
FRH0056-1,135,11,124,14.0,0.1037037037037037,0.0,0.39159212091829004,1.2727272727272727,0.25816326530612255,12.272727272727273,0.9185185185185185,0.24375755260400622,0.05925925925925926,0.22093023255813934,False
FRH0058,104,2,102,7.0,0.0673076923076923,0.0,0.4880001407950431,3.5,0.04081632653061225,52.0,0.9807692307692307,0.11105529749182591,0.6057692307692307,-0.019398258115597797,False
FRH0059,135,60,75,304.0,2.251851851851852,0.0,4.088057814452512,5.066666666666666,0.9135992300107989,2.25,0.5555555555555556,0.336425781162077,0.0,0.8072586963133165,False
FRH0064,135,33,102,103.0,0.762962962962963,0.0,1.8576481978502362,3.121212121212121,0.704154491469507,4.090909090909091,0.7555555555555555,0.33773307437240496,0.014814814814814815,0.47599579865880265,False
FRH0065,135,31,104,66.0,0.4888888888888889,0.0,1.1254628677422756,2.129032258064516,0.452142638506275,4.354838709677419,0.7703703703703704,0.41110824668687274,0.007407407407407408,0.5280028178936245,False
FRH0068,135,14,121,29.0,0.21481481481481482,0.0,0.9091999532571279,2.0714285714285716,1.020579895728528,9.642857142857142,0.8962962962962963,0.1504835576627106,0.17037037037037037,0.25941902001752437,False
FRW00011,104,7,97,10.0,0.09615384615384616,0.0,0.4067209813669471,1.4285714285714286,0.3033333333333334,14.857142857142858,0.9326923076923077,0.2725975487195459,0.18269230769230768,0.06043329532497142,False
FRW00023,30,7,23,9.0,0.3,0.0,0.651258728182957,1.2857142857142858,0.345679012345679,4.285714285714286,0.7666666666666667,0.2941426173945132,0.0,0.12645557842511873,False
FRW0005,135,96,39,334.0,2.474074074074074,2.0,2.268636350320269,3.4791666666666665,0.30780669986846365,1.40625,0.28888888888888886,0.7450394007564991,0.007407407407407408,0.5493732803424034,False
FRW0006,135,99,36,605.0,4.481481481481482,3.0,4.823530403141214,6.111111111111111,0.5824725923427223,1.3636363636363635,0.26666666666666666,0.6279878440612205,0.0,0.6222789935260172,False
FRW0007,104,4,100,5.0,0.04807692307692308,0.0,0.25617832428060205,1.25,0.16000000000000003,26.0,0.9615384615384616,0.1250565679073981,0.5384615384615384,0.11206896551724155,False
FRW0008,135,13,122,18.0,0.13333333333333333,0.0,0.45383934299896406,1.3846153846153846,0.22067901234567905,10.384615384615385,0.9037037037037037,0.22798735014956384,0.0,0.2159456479723024,False
FRW0009,135,28,107,48.0,0.35555555555555557,0.0,0.8327858898351111,1.7142857142857142,0.34927983539094665,4.821428571428571,0.7925925925925926,0.4252129321133258,0.0,0.4010797037370395,False
FRW0011,104,7,97,8.0,0.07692307692307693,0.0,0.30184892036318633,1.1428571428571428,0.10937500000000001,14.857142857142858,0.9326923076923077,0.17381031775535205,0.6057692307692307,0.36024844720496624,False
FRW0013,104,11,93,29.0,0.27884615384615385,0.0,0.9599426638342218,2.6363636363636362,0.3819262782401903,9.454545454545455,0.8942307692307693,0.07247020645470181,0.6826923076923077,0.725839475839476,False
FRW0014,104,8,96,10.0,0.09615384615384616,0.0,0.3557906761394709,1.25,0.13714285714285715,13.0,0.9230769230769231,0.11730760265507789,0.6730769230769231,0.616244411326375,False
FRW0015,135,42,93,349.0,2.585185185185185,0.0,5.8403961033953005,8.30952380952381,0.9088655405728772,3.2142857142857144,0.6888888888888889,0.2723072780439768,0.007407407407407408,0.8225255526250806,False
FRW0016,104,9,95,15.0,0.14423076923076922,0.0,0.5646249589654898,1.6666666666666667,0.44999999999999984,11.555555555555555,0.9134615384615384,0.2620952188882403,0.4807692307692308,-0.03609467455621284,False
FRW0017,104,6,98,21.0,0.20192307692307693,0.0,0.9890645545435942,3.5,0.5142857142857143,17.333333333333332,0.9423076923076923,0.05743565914133575,0.6346153846153846,0.6922112974744551,False
FRW0020,104,5,99,5.0,0.04807692307692308,0.0,0.2149647834019842,1.0,0.0,20.8,0.9519230769230769,0.14862820649434605,0.6730769230769231,0.369387755102039,False
FRW0021,104,4,100,4.0,0.038461538461538464,0.0,0.1932389698720778,1.0,0.0,26.0,0.9615384615384616,0.16458113744539593,0.27884615384615385,-0.04040404040404042,False
FRW0022,104,4,100,5.0,0.04807692307692308,0.0,0.25617832428060205,1.25,0.16000000000000003,26.0,0.9615384615384616,0.1518808405042713,0.40384615384615385,0.2600574712643671,False
FRW0023,104,10,94,10.0,0.09615384615384616,0.0,0.29622973141038905,1.0,0.0,10.4,0.9038461538461539,0.3141758437671617,0.09615384615384616,0.11397849462365567,False
FRW0024,135,31,104,91.0,0.674074074074074,0.0,1.7226742037839111,2.935483870967742,0.7422130982570542,4.354838709677419,0.7703703703703704,0.3368901006868179,0.0,0.7093533841970656,False
FRW0025,30,4,26,10.0,0.3333333333333333,0.0,0.8840866447369844,2.5,0.05333333333333333,7.5,0.8666666666666667,0.40743178113790146,0.13333333333333333,0.1131498470948011,False
FSTBY001,135,7,128,9.0,0.06666666666666667,0.0,0.30419946323561425,1.2857142857142858,0.14403292181069957,19.285714285714285,0.9481481481481482,0.09611519879139091,0.0,0.24453903975274266,False
FZGLS0001,135,6,129,7.0,0.05185185185185185,0.0,0.25388087812278376,1.1666666666666667,0.1224489795918367,22.5,0.9555555555555556,0.1370135163077793,0.08148148148148149,0.18928262748487434,False
FZGLS0002,135,8,127,8.0,0.05925925925925926,0.0,0.23698866283617884,1.0,0.0,16.875,0.9407407407407408,0.19834122409848187,0.1259259259259259,0.3353174603174605,False
FZLRICBHP0001,135,19,116,42.0,0.3111111111111111,0.0,0.9732747205142235,2.210526315789474,0.5361552028218693,7.105263157894737,0.8592592592592593,0.19185840235094098,0.0,0.6407596874481083,False
FZLRJ0001,135,35,100,104.0,0.7703703703703704,0.0,1.656920091664142,2.9714285714285715,0.46293073442394694,3.857142857142857,0.7407407407407407,0.4040752167665915,0.0,0.6579952985548002,False
FZLRJ0001double,135,5,130,5.0,0.037037037037037035,0.0,0.18955593855614655,1.0,0.0,27.0,0.9629629629629629,0.12665529733293596,0.007407407407407408,-0.0387596899224806,False
FZLRJ0002,135,54,81,270.0,2.0,0.0,3.6446648802807973,5.0,0.732075471698113,2.5,0.6,0.3758339520341596,0.0,0.6842361688500653,False
FZLRJ0002double,135,13,122,22.0,0.16296296296296298,0.0,0.5757202809538701,1.6923076923076923,0.31336088154269975,10.384615384615385,0.9037037037037037,0.25106875760739544,0.007407407407407408,0.43678547410894375,False
FZLRJ0005,30,6,24,22.0,0.7333333333333333,0.0,2.132399220779639,3.6666666666666665,1.0016528925619834,5.0,0.8,0.21504389467877805,0.16666666666666666,0.3222163865546217,False
GJMJSLW001,104,11,93,187.0,1.7980769230769231,0.0,10.893464512330501,17.0,3.2456747404844295,9.454545454545455,0.8942307692307693,0.11314686459007778,0.4519230769230769,0.39154605723148134,False
GJMJSW001,104,1,103,1.0,0.009615384615384616,0.0,0.09805806756909202,1.0,,104.0,0.9903846153846154,0.0557810849705159,0.5769230769230769,-0.0098039215686275,False
GJMJWJX001,135,62,73,834.0,6.177777777777778,0.0,17.27644702739968,13.451612903225806,3.0739517361226016,2.1774193548387095,0.5407407407407407,0.18666536255614719,0.17777777777777778,0.39853268677221604,False
GJMJWJXW001,135,23,112,1182.0,8.755555555555556,0.0,29.8474896233489,51.391304347826086,1.1872181710427994,5.869565217391305,0.8296296296296296,0.1443067779801216,0.2,0.6312396472949092,False
GJMUSDW001,104,2,102,2.0,0.019230769230769232,0.0,0.1380002272946792,1.0,0.0,52.0,0.9807692307692307,0.05611800812885753,0.5576923076923077,0.49009900990099237,False
HLGKSLT0001,135,54,81,140.0,1.037037037037037,0.0,1.6226356273714182,2.5925925925925926,0.37906045437042746,2.5,0.6,0.5255137804580068,0.0,0.6618506497574348,False
HSAKSLT0001,104,6,98,9.0,0.08653846153846154,0.0,0.3715769837019344,1.5,0.1333333333333333,17.333333333333332,0.9423076923076923,0.16270948452931266,0.19230769230769232,0.08538251366120206,False
HWZDSKL0001,135,35,100,202.0,1.4962962962962962,0.0,4.135528759482706,5.771428571428571,1.2610571627925748,3.857142857142857,0.7407407407407407,0.23963880762065337,0.0,0.4567871527220413,False
HWZDSKL0002,135,11,124,29.0,0.21481481481481482,0.0,0.9334991560819693,2.6363636363636362,0.6696789536266349,12.272727272727273,0.9185185185185185,0.2415395637311326,0.13333333333333333,0.528802506233619,False
HZSN0001,135,73,62,265.0,1.962962962962963,1.0,2.5316132765886876,3.6301369863013697,0.43951307305881904,1.8493150684931507,0.45925925925925926,0.6345870079683398,0.007407407407407408,0.5485025444959454,False
JZJ00011,135,36,99,87.0,0.6444444444444445,0.0,1.3297214760919294,2.4166666666666665,0.40482418889077637,3.75,0.7333333333333333,0.361893949491346,0.014814814814814815,0.589877891016944,False
JZJ00012,135,58,77,231.0,1.711111111111111,0.0,2.926631874587789,3.9827586206896552,0.6890221750098715,2.3275862068965516,0.5703703703703704,0.4878976878805297,0.0,0.6669642990300655,False
JZJ0002,135,80,55,771.0,5.711111111111111,5.0,6.374935371831222,9.6375,0.32960058486178256,1.6875,0.4074074074074074,0.4557170073034178,0.0,0.7617224173182707,False
JZJ0003,135,79,56,1191.0,8.822222222222223,7.0,9.400592762087237,15.075949367088608,0.24782839656990235,1.7088607594936709,0.4148148148148148,0.5088635871390663,0.0,0.7907765255966074,False
JZJ0004,104,15,89,25.0,0.2403846153846154,0.0,0.6754386177610497,1.6666666666666667,0.2914285714285713,6.933333333333334,0.8557692307692307,0.2877258633923616,0.22115384615384615,0.4033926354985517,False
JZJ0005,104,21,83,60.0,0.5769230769230769,0.0,1.4594340417369782,2.857142857142857,0.5057499999999998,4.9523809523809526,0.7980769230769231,0.1868590024323944,0.18269230769230768,0.5526105841680702,False
JZJ0008,104,34,70,214.0,2.0576923076923075,0.0,3.568543590978952,6.294117647058823,0.309837831542784,3.0588235294117645,0.6730769230769231,0.28579421980285136,0.04807692307692308,0.752175850289618,False
JZJ0009,135,74,61,1495.0,11.074074074074074,4.0,12.958388990084865,20.2027027027027,0.29716367672636423,1.8243243243243243,0.45185185185185184,0.4652814758726538,0.0,0.85127681012034,False
JZJ0013,135,86,49,1345.0,9.962962962962964,9.0,10.641658079346588,15.63953488372093,0.3626558667855694,1.569767441860465,0.362962962962963,0.5341827223735687,0.0,0.8223600261146271,False
JZJ0014,135,10,125,16.0,0.11851851851851852,0.0,0.5865641399933572,1.6,0.9722222222222222,13.5,0.9259259259259259,0.3087369608772301,0.07407407407407407,-0.0197538860103628,False
JZJ0016,135,69,66,194.0,1.4370370370370371,1.0,2.017118557432216,2.8115942028985508,0.5181912811888493,1.9565217391304348,0.4888888888888889,0.5462132064543126,0.0,0.391829706621994,False
JZJ0017,135,16,119,23.0,0.17037037037037037,0.0,0.52604892713739,1.4375,0.25608065532451163,8.4375,0.8814814814814815,0.31363981618105774,0.007407407407407408,0.3252769385699898,False
JZJ0018,135,21,114,47.0,0.34814814814814815,0.0,0.9873718962328358,2.238095238095238,0.4173381620642826,6.428571428571429,0.8444444444444444,0.3403911490595628,0.007407407407407408,0.5862542169363598,False
JZJ0019,135,44,91,196.0,1.451851851851852,0.0,2.5058692849809074,4.454545454545454,0.2964075046250109,3.0681818181818183,0.674074074074074,0.40663732929807983,0.0,0.7780531104489968,False
JZQCQ001,104,31,73,523.0,5.028846153846154,0.0,10.462560835581197,16.870967741935484,0.595099118070357,3.3548387096774195,0.7019230769230769,0.2266636946420466,0.28846153846153844,0.7532308149058502,False
JZQCQ003,104,37,67,506.0,4.865384615384615,0.0,13.218887408426404,13.675675675675675,2.011046189685131,2.810810810810811,0.6442307692307693,0.22134120649973232,0.22115384615384615,0.6184534046616927,False
JZQCQ004,104,19,85,59.0,0.5673076923076923,0.0,1.8209376816158767,3.1052631578947367,1.104982603977146,5.473684210526316,0.8173076923076923,0.37834998416634025,0.21153846153846154,0.5427953562485759,False
KFYFQ51mm,30,24,6,126.0,4.2,4.0,3.7453419345764085,5.25,0.4330079858030168,1.25,0.2,0.6033074094345334,0.0,0.18718295245099498,False
KFYFQ54mm,30,18,12,140.0,4.666666666666667,4.0,4.6559811983662724,7.777777777777778,0.18777911164465794,1.6666666666666667,0.4,0.5150864597409621,0.0,0.6068575406844712,False
KFYFQ58mm,30,26,4,215.0,7.166666666666667,6.5,5.965899263563583,8.26923076923077,0.46511454840454275,1.1538461538461537,0.13333333333333333,0.579950440137667,0.0,0.6226171384904162,False
KFZ0001,104,6,98,6.0,0.057692307692307696,0.0,0.23428979967449726,1.0,0.0,17.333333333333332,0.9423076923076923,0.21891995083626054,0.17307692307692307,-0.06185567010309275,False
KZCWBG001,135,31,104,69.0,0.5111111111111111,0.0,1.2085927839487274,2.225806451612903,0.5208989708044528,4.354838709677419,0.7703703703703704,0.39130676307218293,0.0,0.6864368010525017,False
LRKF0001,104,10,94,63.0,0.6057692307692307,0.0,2.124376638350256,6.3,0.29702415945802196,10.4,0.9038461538461539,0.08562098217771708,0.5384615384615384,0.7265677257525079,False
LTKF0002,104,6,98,8.0,0.07692307692307693,0.0,0.3324608946215728,1.3333333333333333,0.15000000000000005,17.333333333333332,0.9423076923076923,0.07584295412868536,0.5576923076923077,0.7363481228668952,False
LTKF0003B,104,1,103,1.0,0.009615384615384616,0.0,0.09805806756909202,1.0,,104.0,0.9903846153846154,0.05578108497051587,0.5673076923076923,-0.009803921568627498,False
LTKF0005A,104,14,90,20.0,0.19230769230769232,0.0,0.5410691156418179,1.4285714285714286,0.2046153846153846,7.428571428571429,0.8653846153846154,0.4195790372810736,0.04807692307692308,0.26950354609929156,False
LTKF0006A,104,1,103,1.0,0.009615384615384616,0.0,0.09805806756909202,1.0,,104.0,0.9903846153846154,0.0557810849705159,0.5865384615384616,-0.0098039215686275,False
LTKF0008,104,5,99,11.0,0.10576923076923077,0.0,0.5731579905670502,2.2,0.5578512396694214,20.8,0.9519230769230769,0.07089482769589789,0.5480769230769231,0.20177956371986394,False
LTKF0009,104,5,99,15.0,0.14423076923076922,0.0,0.7428398569171185,3.0,0.38888888888888884,20.8,0.9519230769230769,0.11159739935283608,0.5384615384615384,0.3311688311688298,False
LTKF0010,104,1,103,2.0,0.019230769230769232,0.0,0.19611613513818404,2.0,,104.0,0.9903846153846154,0.05578108497051587,0.5576923076923077,-0.009803921568627498,False
LTKF0012,104,3,101,5.0,0.04807692307692308,0.0,0.32320625811937487,1.6666666666666667,0.48000000000000015,34.666666666666664,0.9711538461538461,0.05645197853186662,0.5480769230769231,0.34927797833935076,False
LTKF0016,104,2,102,7.0,0.0673076923076923,0.0,0.48800014079504317,3.5,0.04081632653061225,52.0,0.9807692307692307,0.05611800812885748,0.5384615384615384,0.46991290577989,False
LTKF0018A,104,1,103,3.0,0.028846153846153848,0.0,0.294174202707276,3.0,,104.0,0.9903846153846154,0.0557810849705159,0.5480769230769231,-0.009803921568627402,False
LTKF0019,135,38,97,83.0,0.6148148148148148,0.0,1.5928252622923815,2.1842105263157894,1.1880357640264743,3.5526315789473686,0.7185185185185186,0.6047376611226807,0.007407407407407408,0.34038017800241643,False
LTKF0020,135,73,62,1509.0,11.177777777777777,4.0,14.139954330114064,20.671232876712327,0.4051964993779317,1.8493150684931507,0.45925925925925926,0.5252202731532192,0.0,0.7411124647502942,False
LTKF0021,135,66,69,296.0,2.1925925925925926,0.0,3.057889957061398,4.484848484848484,0.4394097319772997,2.0454545454545454,0.5111111111111111,0.5652929283617829,0.0,0.633774905831037,False
LTKF0022,104,12,92,25.0,0.2403846153846154,0.0,0.8757265201039894,2.0833333333333335,0.6894545454545452,8.666666666666666,0.8846153846153846,0.1804390502211065,0.19230769230769232,0.5439114391143897,False
LTKF0022M,135,53,82,176.0,1.3037037037037038,0.0,2.416590894906374,3.3207547169811322,0.7456020541958043,2.547169811320755,0.6074074074074074,0.4081460035690745,0.0,0.7331899951404437,False
LTKF0023,104,1,103,1.0,0.009615384615384616,0.0,0.09805806756909202,1.0,,104.0,0.9903846153846154,0.0557810849705159,0.5769230769230769,-0.0098039215686275,False
LTKF0024A,104,15,89,21.0,0.20192307692307693,0.0,0.5284123076168137,1.4,0.131195335276968,6.933333333333334,0.8557692307692307,0.27930708536862314,0.08653846153846154,0.5473292765382023,False
LTKF0031,135,62,73,270.0,2.0,0.0,3.2137763159490773,4.354838709677419,0.6467552677145877,2.1774193548387095,0.5407407407407407,0.35845156360130415,0.0,0.6587244006309539,False
LTKF0047,135,22,113,54.0,0.4,0.0,1.3055564376695088,2.4545454545454546,0.9283428048860148,6.136363636363637,0.837037037037037,0.32388860582157175,0.037037037037037035,0.5399555323044737,False
LTKF0058,135,12,123,18.0,0.13333333333333333,0.0,0.46999523655890346,1.5,0.202020202020202,11.25,0.9111111111111111,0.17498806963612334,0.08148148148148149,0.560544904137235,False
LTKF0101,135,45,90,431.0,3.1925925925925926,0.0,5.6561897098906675,9.577777777777778,0.38029437630268803,3.0,0.6666666666666666,0.3596115941582434,0.0,0.6555297850103867,False
LTKF0102,135,16,119,28.0,0.2074074074074074,0.0,0.6120225375849203,1.75,0.15238095238095237,8.4375,0.8814814814814815,0.23198708378193833,0.05925925925925926,0.48154761904761884,False
LTKF0103,104,4,100,7.0,0.0673076923076923,0.0,0.3755752371698717,1.75,0.2993197278911565,26.0,0.9615384615384616,0.07089482769589811,0.04807692307692308,0.17379679144385018,False
LTKF0106,135,5,130,7.0,0.05185185185185185,0.0,0.28174611516527454,1.4,0.15306122448979592,27.0,0.9629629629629629,0.1621276315304686,0.022222222222222223,-0.034385964912280645,False
LTKF0111,135,23,112,40.0,0.2962962962962963,0.0,0.773382511160079,1.7391304347826086,0.33715909090909085,5.869565217391305,0.8296296296296296,0.3168616630977106,0.0,0.4280445279108307,False
LTKF093,135,30,105,82.0,0.6074074074074074,0.0,1.7959169956232945,2.7333333333333334,1.1901782600668727,4.5,0.7777777777777778,0.4285948408716389,0.044444444444444446,0.24737315083644398,False
LTKF098,135,35,100,176.0,1.3037037037037038,0.0,2.7570102617137886,5.0285714285714285,0.4221864365580943,3.857142857142857,0.7407407407407407,0.2872921160693582,0.022222222222222223,0.7266028651949273,False
LTKF098B,30,21,9,58.0,1.9333333333333333,2.0,1.7406565018610836,2.761904761904762,0.2609393579072532,1.4285714285714286,0.3,0.4779997264637532,0.1,0.45702644059768244,False
LYC0201,135,26,109,88.0,0.6518518518518519,0.0,2.1241978943371183,3.3846153846153846,1.271528925619835,5.1923076923076925,0.8074074074074075,0.22961140384039336,0.007407407407407408,0.6706437428980783,False
LYC0203,135,15,120,24.0,0.17777777777777778,0.0,0.5580705923712983,1.6,0.21205357142857145,9.0,0.8888888888888888,0.32149323195738055,0.05185185185185185,0.40050107372942007,False
NNB0002,135,19,116,239.0,1.7703703703703704,0.0,5.690973136023086,12.578947368421053,0.6167648014254342,7.105263157894737,0.8592592592592593,0.10101335391037691,0.0962962962962963,0.8692561445895101,False
NNBZL01,30,9,21,37.0,1.2333333333333334,0.0,3.1914036835324304,4.111111111111111,1.3970051132213301,3.3333333333333335,0.7,0.16553063532866952,0.26666666666666666,0.4860328638497661,False
QCCXC0004,135,13,122,115.0,0.8518518518518519,0.0,4.686465935325143,8.846153846153847,2.155034656584751,10.384615384615385,0.9037037037037037,0.12804022648215513,0.1259259259259259,0.5534115033137315,False
QCCXC0005,104,35,69,135.0,1.2980769230769231,0.0,2.4291106994416487,3.857142857142857,0.5185185185185185,2.9714285714285715,0.6634615384615384,0.48288359586314433,0.11538461538461539,0.584198385236448,False
QCCXC0007,104,43,61,246.0,2.3653846153846154,0.0,4.573154447228698,5.72093023255814,0.9665590209909067,2.4186046511627906,0.5865384615384616,0.44297238191369304,0.10576923076923077,0.5368788749706273,False
QCSSXC0004,104,3,101,3.0,0.028846153846153848,0.0,0.1681845247161448,1.0,0.0,34.666666666666664,0.9711538461538461,0.13286299557309883,0.38461538461538464,-0.02999999999999992,False
QCSSXC0005,104,26,78,100.0,0.9615384615384616,0.0,2.896006882344035,3.8461538461538463,1.55584,4.0,0.75,0.3423557137353386,0.11538461538461539,0.3684180918091807,False
QCSSXC0006,104,28,76,79.0,0.7596153846153846,0.0,1.8459885257071802,2.8214285714285716,0.8751921285169157,3.7142857142857144,0.7307692307692307,0.30653372589562733,0.057692307692307696,0.569073478887288,False
QCXDS001,104,17,87,135.0,1.2980769230769231,0.0,4.564276243293492,7.9411764705882355,1.2378052126200272,6.117647058823529,0.8365384615384616,0.180784687434418,0.25,0.638069535134355,False
QCXXC0001,104,20,84,41.0,0.3942307692307692,0.0,0.9390996434901284,2.05,0.28742289990294007,5.2,0.8076923076923077,0.3986101568264897,0.09615384615384616,0.426552462526766,False
QCXXC0002,104,12,92,23.0,0.22115384615384615,0.0,0.6961298111456268,1.9166666666666667,0.27014951022512457,8.666666666666666,0.8846153846153846,0.35880506158550296,0.22115384615384615,0.37830996884735074,False
QFDNZGJK001,30,8,22,20.0,0.6666666666666666,0.0,1.3217891045025332,2.5,0.32,3.75,0.7333333333333333,0.22166188266186926,0.5333333333333333,0.46222527472527414,False
QFDNZGJK002,30,12,18,40.0,1.3333333333333333,0.0,2.2334963055994597,3.3333333333333335,0.529090909090909,2.5,0.6,0.3728350731828849,0.4,0.5309029454369865,False
QFSJZ001-1,104,18,86,52.0,0.5,0.0,1.4073317037116178,2.888888888888889,0.5623042116254785,5.777777777777778,0.8269230769230769,0.21200046442840148,0.009615384615384616,0.6171733536643478,False
QFSJZ002-1,135,11,124,16.0,0.11851851851851852,0.0,0.47397732567235773,1.4545454545454546,0.4125,12.272727272727273,0.9185185185185185,0.1845472121866265,0.14074074074074075,0.4350198412698414,False
QFSJZ003,135,9,126,10.0,0.07407407407407407,0.0,0.2898694927554346,1.1111111111111112,0.09000000000000002,15.0,0.9333333333333333,0.25395068417015476,0.08148148148148149,0.022546419098143446,False
QFSJZ003-1,135,21,114,51.0,0.37777777777777777,0.0,1.049994077216179,2.4285714285714284,0.3657439446366782,6.428571428571429,0.8444444444444444,0.22913036743855963,0.17777777777777778,0.49860949587905,False
QFYF001,30,1,29,3.0,0.1,0.0,0.5477225575051661,3.0,,30.0,0.9666666666666667,0.15945017978211307,0.13333333333333333,-0.03571428571428571,False
QYGZIPJ,104,4,100,4.0,0.038461538461538464,0.0,0.19323896987207784,1.0,0.0,26.0,0.9615384615384616,0.1645811374453961,0.0673076923076923,-0.04040404040404036,False
RLHZHMV000AMDE,135,91,44,885.0,6.555555555555555,4.0,7.966034863267049,9.725274725274724,0.6694008036572435,1.4835164835164836,0.32592592592592595,0.615064230278894,0.0,0.787164441661416,False
SKZ2FT01,30,10,20,33.0,1.1,0.0,1.9360464514233553,3.3,0.36832976226915637,3.0,0.6666666666666666,0.14957729046319912,0.0,0.7312633619885773,False
SKZ3FT01,30,10,20,60.0,2.0,0.0,4.042873679229528,6.0,0.7222222222222221,3.0,0.6666666666666666,0.27247795977635736,0.03333333333333333,0.6594745339791576,False
SLT0001,104,1,103,2.0,0.019230769230769232,0.0,0.19611613513818404,2.0,,104.0,0.9903846153846154,0.0557810849705159,0.47115384615384615,-0.009803921568627486,False
SLT0003,135,23,112,38.0,0.2814814814814815,0.0,0.7692975265500324,1.6521739130434783,0.4532233694283556,5.869565217391305,0.8296296296296296,0.3430388617555664,0.15555555555555556,0.26789751318764166,False
SLT0004,135,10,125,17.0,0.1259259259259259,0.0,0.5100428666449202,1.7,0.3114186851211073,13.5,0.9259259259259259,0.15418402636083794,0.1925925925925926,0.6843007067894625,False
SPH0001,104,5,99,30.0,0.28846153846153844,0.0,1.479130398704058,6.0,0.37500000000000006,20.8,0.9519230769230769,0.057110856941288535,0.10576923076923077,0.6537367468321699,False
SRPDZS0001,104,4,100,5.0,0.04807692307692308,0.0,0.2561783242806021,1.25,0.16000000000000003,26.0,0.9615384615384616,0.13000469434018558,0.20192307692307693,0.26005747126436746,False
SRPDZS0002,104,5,99,8.0,0.07692307692307693,0.0,0.3864779397441557,1.6,0.3124999999999999,20.8,0.9519230769230769,0.0705700254958504,0.23076923076923078,0.6748737373737378,False
TTNX0002,30,1,29,2.0,0.06666666666666667,0.0,0.3651483716701107,2.0,,30.0,0.9666666666666667,0.004081180060614392,0.0,0.0,True
WSJZS0002,104,5,99,55.0,0.5288461538461539,0.0,2.828278596737203,11.0,0.512396694214876,20.8,0.9519230769230769,0.057110856941288535,0.08653846153846154,0.7802414126411579,False
WSJZS0004,104,6,98,114.0,1.0961538461538463,0.0,5.184965627525976,19.0,0.40332409972299177,17.333333333333332,0.9423076923076923,0.057110856941288535,0.08653846153846154,0.6079954820650615,False
XFTW0001,30,7,23,23.0,0.7666666666666667,0.0,1.7356968854500254,3.2857142857142856,0.454316320100819,4.285714285714286,0.7666666666666667,0.17155069479545837,0.3,0.5620031796502383,False
XGX9992,30,7,23,10.0,0.3333333333333333,0.0,0.6608945522512668,1.4285714285714286,0.14,4.285714285714286,0.7666666666666667,0.12205211727970489,0.0,0.7995204451413634,False
XGX9993,30,6,24,12.0,0.4,0.0,1.069966161243848,2.0,0.7000000000000001,5.0,0.8,0.07080699536991675,0.0,0.31727905239358367,False
XGX9994,30,4,26,15.0,0.5,0.0,1.3833991121322422,3.75,0.16000000000000003,7.5,0.8666666666666667,0.16634598160648084,0.06666666666666667,0.6741573033707865,False
XGX9995,30,5,25,16.0,0.5333333333333333,0.0,1.6553639735893348,3.2,0.8984375,6.0,0.8333333333333334,0.07424886344798443,0.03333333333333333,0.5200348432055747,False
XGX99990,30,4,26,4.0,0.13333333333333333,0.0,0.34574590364176044,1.0,0.0,7.5,0.8666666666666667,0.2802304146367707,0.0,0.1924870958045813,False
XGX99991,30,3,27,4.0,0.13333333333333333,0.0,0.43417248545530474,1.3333333333333333,0.18749999999999997,10.0,0.9,0.2141492354382012,0.0,-0.08186216918157274,False
XGX99992,30,3,27,6.0,0.2,0.0,0.7611243951073873,2.0,0.7499999999999999,10.0,0.9,0.015755492363077717,0.0,0.1803256017341393,False
XGX99993,30,4,26,12.0,0.4,0.0,1.1919268665368752,3.0,0.3703703703703704,7.5,0.8666666666666667,0.019437660446213312,0.03333333333333333,0.6588235294117648,False
XHP0001,135,39,96,1380.0,10.222222222222221,0.0,33.552068394248636,35.38461538461539,2.4406979405034326,3.4615384615384617,0.7111111111111111,0.29232723859498266,0.0,0.5403865703015948,False
XHZXCZP0001,135,81,54,852.0,6.311111111111111,3.0,9.06071285346442,10.518518518518519,0.8378834184685576,1.6666666666666667,0.4,0.3564078947491969,0.0,0.8370945591476436,False
XHZXCZP0002,135,33,102,128.0,0.9481481481481482,0.0,2.2636600877370503,3.878787878787879,0.6470489501953124,4.090909090909091,0.7555555555555555,0.19545524330564978,0.0,0.809279715783197,False
XMJ0001,30,3,27,23.0,0.7666666666666667,0.0,2.5822114731280283,7.666666666666667,0.29489603024574673,10.0,0.9,0.16421709814808672,0.4,0.5590339892665473,False
XMJ0004,30,12,18,89.0,2.966666666666667,0.0,4.852893437181954,7.416666666666667,0.47418255270799137,2.5,0.6,0.21995462359645024,0.0,0.6544957172320242,False
XMSH0001,30,17,13,115.0,3.8333333333333335,2.0,5.63904695624293,6.764705882352941,0.7990642722117202,1.7647058823529411,0.43333333333333335,0.4972861385886298,0.0,0.4186652091127143,False
XXGP0002,30,7,23,51.0,1.7,0.0,3.770575735787619,7.285714285714286,0.40010252466999874,4.285714285714286,0.7666666666666667,0.170028671084552,0.4,0.7117101937657959,False
XYJ0001,30,14,16,57.0,1.9,0.0,3.1222229039690563,4.071428571428571,0.73750503113384,2.142857142857143,0.5333333333333333,0.2689159513129804,0.03333333333333333,0.5913473423980223,False
XYMGPD0001,30,13,17,37.0,1.2333333333333334,0.0,1.8879533405494835,2.8461538461538463,0.44947650353055757,2.3076923076923075,0.5666666666666667,0.44879263087143784,0.13333333333333333,0.7151084010840105,False
XYMGPD0002,30,11,19,20.0,0.6666666666666666,0.0,1.0613372610104648,1.8181818181818181,0.29150000000000004,2.727272727272727,0.6333333333333333,0.38434019276319065,0.4,0.4721627408993577,False
XYMLRY00001,30,15,15,24.0,0.8,0.5,0.924755326447544,1.6,0.15624999999999997,2.0,0.5,0.707128186161956,0.03333333333333333,0.13000000000000003,False
XYMZD0017,30,4,26,24.0,0.8,0.0,2.565016636364682,6.0,0.6111111111111112,7.5,0.8666666666666667,0.011964476555963055,0.0,0.7195182603755407,False
XYMZG0016,30,5,25,37.0,1.2333333333333334,0.0,3.430927624974927,7.4,0.5168005843681518,6.0,0.8333333333333334,0.16828812659859138,0.0,0.39070051779912984,False
YBB0001,104,14,90,38.0,0.36538461538461536,0.0,1.1065356794329333,2.7142857142857144,0.384828467930961,7.428571428571429,0.8653846153846154,0.11490551070403043,0.04807692307692308,0.7618680641183724,False
YDBZ001,135,41,94,116.0,0.8592592592592593,0.0,1.6668988229686807,2.8292682926829267,0.44912306777645666,3.292682926829268,0.6962962962962963,0.38975854483661143,0.037037037037037035,0.7470276349614394,False
YDBZ002,135,33,102,120.0,0.8888888888888888,0.0,2.433186801285558,3.6363636363636362,1.0957031249999998,4.090909090909091,0.7555555555555555,0.2930393138016638,0.17037037037037037,0.5230508474576289,False
YDBZLV0001AMDE,104,9,95,13.0,0.125,0.0,0.45554831998884615,1.4444444444444444,0.25295857988165676,11.555555555555555,0.9134615384615384,0.22508579543091423,0.4326923076923077,0.34454545454545277,False
YDBZWV0001AMDE,104,9,95,15.0,0.14423076923076922,0.0,0.5104399250669124,1.6666666666666667,0.18,11.555555555555555,0.9134615384615384,0.16658894503068233,0.38461538461538464,0.4406227371469946,False
YEC0009,30,11,19,35.0,1.1666666666666667,0.0,2.0014362658942657,3.1818181818181817,0.4507755102040817,2.727272727272727,0.6333333333333333,0.35479081223658815,0.36666666666666664,0.6427283653846153,False
YJL0002,104,3,101,3.0,0.028846153846153848,0.0,0.16818452471614478,1.0,0.0,34.666666666666664,0.9711538461538461,0.0837012826241699,0.10576923076923077,0.31333333333333324,False
YJLZHMV000AMDE,135,64,71,140.0,1.037037037037037,0.0,1.6087791208901396,2.1875,0.6161580822805313,2.109375,0.5259259259259259,0.7195453749599507,0.014814814814814815,0.44754791918494197,False
YJX0022,104,3,101,4.0,0.038461538461538464,0.0,0.23824100235974735,1.3333333333333333,0.18749999999999997,34.666666666666664,0.9711538461538461,0.1111521858121664,0.3269230769230769,0.3156146179401996,False
YJX0023,104,2,102,9.0,0.08653846153846154,0.0,0.6248973029890968,4.5,0.024691358024691364,52.0,0.9807692307692307,0.05611800812885748,0.3557692307692308,0.4777885079671672,False
YJX0024,104,5,99,11.0,0.10576923076923077,0.0,0.5198631117576941,2.2,0.24793388429752056,20.8,0.9519230769230769,0.07089482769589811,0.3173076923076923,0.31716678297278467,False
YJX0025,104,5,99,8.0,0.07692307692307693,0.0,0.36048262396505587,1.6,0.11718749999999996,20.8,0.9519230769230769,0.1842747769733577,0.19230769230769232,0.10304789550072566,False
YKLLW0004,104,3,101,24.0,0.23076923076923078,0.0,2.0679278556399017,8.0,1.9843749999999998,34.666666666666664,0.9711538461538461,0.056049103912759024,0.22115384615384615,0.08266831268462557,False
YKLLW0005,104,8,96,62.0,0.5961538461538461,0.0,4.668671108340053,7.75,4.284822357663148,13.0,0.9230769230769231,0.05611800812885748,0.019230769230769232,0.17271044368128302,False
YKLLW0006,104,3,101,16.0,0.15384615384615385,0.0,1.21294979261408,5.333333333333333,1.2070312500000002,34.666666666666664,0.9711538461538461,0.11128413844505458,0.019230769230769232,0.2211969755222358,False
YXBLJ0001,135,17,118,24.0,0.17777777777777778,0.0,0.5306524661216558,1.411764705882353,0.25455729166666663,7.9411764705882355,0.8740740740740741,0.26080367191344567,0.007407407407407408,0.36342042755344406,False
ZBTZ0002,135,9,126,48.0,0.35555555555555557,0.0,2.4721332460184375,5.333333333333333,2.548828125000001,15.0,0.9333333333333333,0.12459394087771813,0.08888888888888889,0.07670433831571254,False
ZBTZ0003,135,9,126,14.0,0.1037037037037037,0.0,0.5077617562455674,1.5555555555555556,0.7346938775510206,15.0,0.9333333333333333,0.2374997864635524,0.08888888888888889,0.2761452031114949,False
ZJJSJBV001AMDE,104,21,83,31.0,0.2980769230769231,0.0,0.6950561574337408,1.4761904761904763,0.30374609781477624,4.9523809523809526,0.7980769230769231,0.47653901109993435,0.14423076923076922,0.3154808444096945,False
ZJJSJSV001AMDE,104,22,82,72.0,0.6923076923076923,0.0,1.8854420463730823,3.272727272727273,0.8018812463256908,4.7272727272727275,0.7884615384615384,0.2580630450379726,0.4423076923076923,0.5733857264231101,False
ZJJYZBV001AMDE,104,32,72,87.0,0.8365384615384616,0.0,1.481999285425433,2.71875,0.27262305072899223,3.25,0.6923076923076923,0.377943927551768,0.14423076923076922,0.7206388841053889,False
ZJJYZSJBV1AMDE,104,19,85,35.0,0.33653846153846156,0.0,0.8658636961173051,1.8421052631578947,0.4015419501133788,5.473684210526316,0.8173076923076923,0.30171247079690344,0.40384615384615385,0.46826995718962744,False
ZJJYZSJSV1AMDE,104,9,95,58.0,0.5576923076923077,0.0,2.193666625453735,6.444444444444445,0.4641795481569559,11.555555555555555,0.9134615384615384,0.07185001792571655,0.6538461538461539,0.8021560172481382,False
ZJJYZSJSV2AMDE,104,13,91,21.0,0.20192307692307693,0.0,0.5974022679514595,1.6153846153846154,0.22600151171579744,8.0,0.875,0.18067458187535246,0.5480769230769231,0.5914859862506602,False
ZTD0001,135,22,113,78.0,0.5777777777777777,0.0,1.5232852687367027,3.5454545454545454,0.30099245483860865,6.136363636363637,0.837037037037037,0.12283850073374247,0.0,0.6958360077681223,False
ZTD0003,135,27,108,70.0,0.5185185185185185,0.0,1.5590460719636385,2.5925925925925926,1.0329513343799057,5.0,0.8,0.31670804048932544,0.0,0.7495901228766803,False
ZTD0004,30,3,27,5.0,0.16666666666666666,0.0,0.5306686305052324,1.6666666666666667,0.11999999999999997,10.0,0.9,0.011964476555963055,0.0,0.8875067578695992,False
xgx0013,30,8,22,20.0,0.6666666666666666,0.0,1.268540658512312,2.5,0.22857142857142856,3.75,0.7333333333333333,0.2228199565466784,0.03333333333333333,0.26417910447761195,False
xgx0014,30,18,12,53.0,1.7666666666666666,1.0,2.269487764374084,2.9444444444444446,0.5899105815341444,1.6666666666666667,0.4,0.6870348582661496,0.03333333333333333,-0.04011326097215673,False
xgx0015,30,22,8,63.0,2.1,2.0,2.2182627561162396,2.8636363636363638,0.5492807352217782,1.3636363636363635,0.26666666666666666,0.44741705047172275,0.0,-0.07389816231200182,False
xgx0016,30,25,5,70.0,2.3333333333333335,1.5,2.218003658672604,2.8,0.5846088435374149,1.2,0.16666666666666666,0.5803272410430957,0.0,0.14754324805411326,False
xymzd0015,30,18,12,83.0,2.7666666666666666,1.0,3.2021903423290983,4.611111111111111,0.3991529548384894,1.6666666666666667,0.4,0.34234889215957565,0.0,0.6751345454625217,False
xymzd0016,30,3,27,13.0,0.43333333333333335,0.0,1.4546793303071945,4.333333333333333,0.2840236686390532,10.0,0.9,0.06355874619479807,0.0,0.5718729817476188,False
zxy0002,30,5,25,5.0,0.16666666666666666,0.0,0.3790490217894517,1.0,0.0,6.0,0.8333333333333334,0.31984391938951984,0.06666666666666667,0.033333333333333395,False
