origin_index,origin,cluster,pool_profile,model,n_sku_origins,n_valid_mase,mean_mase,median_mase,mase_lt_1_share,mean_mae,mean_sku_wape,median_sku_wape,aggregate_wape,aggregate_bias,actual_volume,mean_mase_rank,median_mase_rank
1,2025-09-01,1,active_moderate_intermittent,ADIDA2,70.0,70.0,2.304072990406385,1.2087611100947213,0.44285714285714284,2.2108920211083696,1.2535370077080388,0.6850510728132908,0.6575143557199612,0.024937821942896708,1883.0,5.0,4.0
1,2025-09-01,1,active_moderate_intermittent,MA4_proxy,70.0,70.0,2.29770456087563,1.2072866708598684,0.44285714285714284,2.213392857142857,1.4026100285900995,0.743421052631579,0.6582580987785449,0.06532129580456718,1883.0,4.0,3.0
1,2025-09-01,1,active_moderate_intermittent,Naive,70.0,70.0,2.2269631665763647,1.1030247326203209,0.44285714285714284,2.1517857142857144,1.0276256267382657,0.8411764705882353,0.6399362719065321,0.006903876792352629,1883.0,2.0,1.0
1,2025-09-01,1,active_moderate_intermittent,SBA,70.0,70.0,2.2674730568554726,1.4399646584758732,0.3,2.229531021688083,0.8895456874219431,0.7005607000433364,0.6630575529183891,-0.18627457322669672,1883.0,3.0,5.0
1,2025-09-01,1,active_moderate_intermittent,SES,70.0,70.0,2.185337476023774,1.1488340390834906,0.45714285714285713,2.1830001020729433,1.2225257630489554,0.6921945863962304,0.6492193612112842,0.020231816117145276,1883.0,1.0,2.0
1,2025-09-01,2,highly_intermittent,ADIDA2,60.0,60.0,5.077095794597591,1.8498736534614606,0.3333333333333333,0.8056339508261432,2.092597022746257,1.074273046877718,1.1935317790016937,0.2543760042375491,324.0,5.0,5.0
1,2025-09-01,2,highly_intermittent,MA4_proxy,60.0,60.0,4.318224268541202,1.4839895635673626,0.4166666666666667,0.6833333333333333,1.7684838923495547,1.0333333333333334,1.0123456790123457,0.09876543209876543,324.0,4.0,2.0
1,2025-09-01,2,highly_intermittent,Naive,60.0,60.0,4.161490851318526,0.255952380952381,0.5833333333333334,0.6458333333333334,1.6019639321252224,1.0,0.9567901234567902,0.06172839506172839,324.0,2.0,1.0
1,2025-09-01,2,highly_intermittent,SBA,60.0,60.0,4.147880192883369,1.7317464826726967,0.3333333333333333,0.718262590604468,1.472885871894618,1.0956715657459104,1.064092726821434,-0.1983619897163252,324.0,1.0,4.0
1,2025-09-01,2,highly_intermittent,SES,60.0,60.0,4.194398213017166,1.5002099109953346,0.38333333333333336,0.679797898329097,1.5995942321697842,1.0879446949575768,1.0071079975245882,0.03410814700946583,324.0,3.0,3.0
2,2025-10-27,1,active_moderate_intermittent,ADIDA2,82.0,82.0,3.3428511166868407,1.6131746965285751,0.3902439024390244,3.825760408618636,2.859748372441364,1.0672160858791924,1.0156612011549273,0.015395388441987332,2471.0,5.0,4.0
2,2025-10-27,1,active_moderate_intermittent,MA4_proxy,82.0,82.0,3.2259150176584006,1.3718149540517963,0.43902439024390244,3.6623475609756095,2.7742743743737566,1.0,0.9722784297855119,0.028733306353702956,2471.0,4.0,3.0
2,2025-10-27,1,active_moderate_intermittent,Naive,82.0,82.0,2.972790294716934,0.8317426230812057,0.5365853658536586,3.260670731707317,2.7999751422198424,1.0,0.8656414407122622,0.04896802913800081,2471.0,2.0,1.0
2,2025-10-27,1,active_moderate_intermittent,SBA,82.0,82.0,2.762519686243712,1.7302276822994411,0.25609756097560976,3.506239706380574,2.1486098395550624,0.9458223071927552,0.9308349847776837,-0.18424718670371992,2471.0,1.0,5.0
2,2025-10-27,1,active_moderate_intermittent,SES,82.0,82.0,3.091805670576146,1.1680346557227543,0.47560975609756095,3.552809440133123,2.8193422625875093,0.9999999993416858,0.9431982973400764,-0.04015012789846933,2471.0,3.0,2.0
2,2025-10-27,2,highly_intermittent,ADIDA2,64.0,64.0,4.002125762393622,1.2309101886745129,0.46875,0.7218507778501244,1.8626703988761768,1.1729930392773382,1.785447334585815,0.7504902024949165,207.0,5.0,4.0
2,2025-10-27,2,highly_intermittent,MA4_proxy,64.0,64.0,3.920979226739137,0.8159722222222223,0.515625,0.6953125,1.6880171036421039,1.0,1.7198067632850242,0.7004830917874396,207.0,4.0,2.0
2,2025-10-27,2,highly_intermittent,Naive,64.0,64.0,3.193749851477869,0.0,0.65625,0.548828125,1.5531079156079155,1.0,1.357487922705314,0.3526570048309179,207.0,1.0,1.0
2,2025-10-27,2,highly_intermittent,SBA,64.0,64.0,3.528659690890284,1.4621945148941629,0.421875,0.6074570970268824,1.4313347024295169,1.12506384009302,1.5025025781534487,0.25103418047476045,207.0,3.0,5.0
2,2025-10-27,2,highly_intermittent,SES,64.0,64.0,3.3794246093281646,0.8939759683828777,0.515625,0.5988464473479163,1.7742396179303794,1.0278215536042719,1.4812047393339765,0.4667311647164527,207.0,2.0,3.0
3,2025-12-22,1,active_moderate_intermittent,ADIDA2,52.0,52.0,4.071916410225998,2.523138139035163,0.19230769230769232,5.040234948288183,8.802629470031683,0.9801941673706315,1.1047090297617939,0.26447974398604224,1898.0,3.0,5.0
3,2025-12-22,1,active_moderate_intermittent,MA4_proxy,52.0,52.0,4.085478077028485,2.4826299536798766,0.17307692307692307,5.066105769230769,10.092461199258892,0.9846938775510203,1.1103793466807166,0.2992623814541623,1898.0,4.0,4.0
3,2025-12-22,1,active_moderate_intermittent,Naive,52.0,52.0,4.264425212999338,2.4725093984962405,0.21153846153846154,4.269230769230769,2.3787357848252086,1.0,0.9357218124341412,0.12118018967334036,1898.0,5.0,3.0
3,2025-12-22,1,active_moderate_intermittent,SBA,52.0,52.0,3.489289030794141,2.229317111065323,0.21153846153846154,3.8012501970183936,1.9745445582733596,0.9113392953763106,0.8331507281136206,-0.09337553518129968,1898.0,1.0,1.0
3,2025-12-22,1,active_moderate_intermittent,SES,52.0,52.0,4.0386530604880395,2.2863858603427474,0.21153846153846154,4.521388672838468,4.759228406736354,0.9946488206703941,0.9909892981563765,0.2561085801755,1898.0,2.0,2.0
3,2025-12-22,2,highly_intermittent,ADIDA2,39.0,39.0,5.238861082413933,3.477272727272727,0.05128205128205128,0.887296932970136,1.3372622240064302,1.00641226063964,1.1534860128611768,-0.35126348248525247,240.0,3.0,1.0
3,2025-12-22,2,highly_intermittent,MA4_proxy,39.0,39.0,5.163427353167195,3.7317073170731705,0.15384615384615385,0.875,1.3773916621572873,1.0,1.1375,-0.4,240.0,2.0,4.0
3,2025-12-22,2,highly_intermittent,Naive,39.0,39.0,5.435286535651376,3.477272727272727,0.23076923076923078,0.9166666666666666,2.03488005050505,1.0,1.1916666666666667,-0.36666666666666664,240.0,4.0,1.0
3,2025-12-22,2,highly_intermittent,SBA,39.0,39.0,4.698857211980201,3.731707317073171,0.02564102564102564,0.8657869113365367,1.3846979413889158,1.0310027829000004,1.1255229847374977,-0.4820941512986299,240.0,1.0,5.0
3,2025-12-22,2,highly_intermittent,SES,39.0,39.0,5.484398095286131,3.477272727272727,0.1282051282051282,0.9212377448925008,1.8829574388602142,1.0002803572939514,1.197609068360251,-0.2451270880167649,240.0,5.0,1.0
4,2026-02-16,1,active_moderate_intermittent,ADIDA2,53.0,53.0,3.726711430724605,2.104592160071044,0.22641509433962265,4.1496152864313745,4.027736692100871,0.9918123658283554,0.852440349538228,0.01310801196232987,2064.0,5.0,5.0
4,2026-02-16,1,active_moderate_intermittent,MA4_proxy,53.0,53.0,3.603226848897506,2.104591836734694,0.24528301886792453,4.121546495956873,3.370386193307256,1.0,0.8466742801771872,0.08432539682539682,2064.0,4.0,4.0
4,2026-02-16,1,active_moderate_intermittent,Naive,53.0,53.0,3.551531362660745,1.674222797927461,0.33962264150943394,4.278301886792453,1.4401538630539241,1.0,0.8788759689922481,0.14728682170542637,2064.0,3.0,2.0
4,2026-02-16,1,active_moderate_intermittent,SBA,53.0,53.0,3.1248862363567014,1.3221153846153846,0.32075471698113206,3.5251079928638913,2.0897277926060966,0.8855929315882125,0.724150091557311,-0.14916640645430482,2064.0,1.0,1.0
4,2026-02-16,1,active_moderate_intermittent,SES,53.0,53.0,3.512245990653216,1.7834905554260625,0.2641509433962264,4.116678681344161,1.5306303097814413,1.0,0.8456743027567462,0.14274600278057828,2064.0,2.0,3.0
4,2026-02-16,2,highly_intermittent,ADIDA2,43.0,43.0,5.056883023206007,3.825616616859836,0.06976744186046512,1.0756893389292554,1.9771685502163665,1.133777495787808,1.8409807591625067,0.28998068704342883,201.0,5.0,5.0
4,2026-02-16,2,highly_intermittent,MA4_proxy,43.0,43.0,4.540827128029673,3.4375,0.11627906976744186,0.9752906976744186,1.6659488038003663,1.0,1.6691542288557213,0.20398009950248755,201.0,3.0,4.0
4,2026-02-16,2,highly_intermittent,Naive,43.0,43.0,3.8933228586989457,2.0,0.3953488372093023,0.8343023255813954,1.303691620879121,1.0,1.427860696517413,0.07462686567164178,201.0,1.0,1.0
4,2026-02-16,2,highly_intermittent,SBA,43.0,43.0,3.969673646738141,2.3243273410422822,0.09302325581395349,0.7866652208402501,1.741667603132682,1.2644373426190079,1.3463325172589355,-0.06795927628477733,201.0,2.0,2.0
4,2026-02-16,2,highly_intermittent,SES,43.0,43.0,4.710987440682098,2.9513646381711878,0.11627906976744186,0.999664111265438,1.8508821262542157,1.1231174257011172,1.7108679317179634,0.3387767487297463,201.0,4.0,3.0
5,2026-04-13,1,active_moderate_intermittent,ADIDA2,78.0,78.0,3.450126099720355,1.6249999999999991,0.2692307692307692,4.007186484661205,1.492255451261385,0.99999999001557,0.9119199002292459,-0.16313136096179803,2742.0,5.0,5.0
5,2026-04-13,1,active_moderate_intermittent,MA4_proxy,78.0,78.0,3.205190061802568,1.4612202380952382,0.358974358974359,3.8569711538461537,1.385858203765733,1.0,0.8777352297592997,-0.1601021152443472,2742.0,3.0,3.0
5,2026-04-13,1,active_moderate_intermittent,Naive,78.0,78.0,3.198236284076257,1.4704106280193237,0.3717948717948718,4.233974358974359,1.3988601832272896,1.0,0.9635302698760029,0.09117432530999271,2742.0,2.0,4.0
5,2026-04-13,1,active_moderate_intermittent,SBA,78.0,78.0,3.05101788489476,1.3879914162742364,0.32051282051282054,3.833852669003551,1.215211180011195,0.9506663820713036,0.8724741303640466,-0.27318719220451404,2742.0,1.0,2.0
5,2026-04-13,1,active_moderate_intermittent,SES,78.0,78.0,3.358109086628079,1.3873907600097637,0.38461538461538464,4.2322866507797885,1.3661554206178979,1.0,0.9631461962387265,0.048776901713514974,2742.0,4.0,1.0
5,2026-04-13,2,highly_intermittent,ADIDA2,34.0,34.0,2.6201650669859773,1.6664242754850829,0.20588235294117646,0.5865300240301542,1.7312660630277963,1.1344879921653135,1.3872710133582777,0.12003546951128734,115.0,5.0,4.0
5,2026-04-13,2,highly_intermittent,MA4_proxy,34.0,34.0,2.24594942586211,1.6167417417417416,0.38235294117647056,0.5073529411764706,1.5739387926887927,1.0,1.2,-0.043478260869565216,115.0,3.0,3.0
5,2026-04-13,2,highly_intermittent,Naive,34.0,34.0,1.7957895360514846,0.921875,0.5294117647058824,0.4742647058823529,1.3947811447811451,1.0,1.1217391304347826,-0.3739130434782609,115.0,1.0,1.0
5,2026-04-13,2,highly_intermittent,SBA,34.0,34.0,2.570904221363386,1.8001206249807997,0.17647058823529413,0.6041674003895948,1.8012988588521477,1.3662988227946302,1.428987242660607,0.018620511753068347,115.0,4.0,5.0
5,2026-04-13,2,highly_intermittent,SES,34.0,34.0,2.168571533883192,1.5244404931919044,0.23529411764705882,0.5025698947577513,1.5269076999609361,1.2001071911066878,1.1886870554270288,-0.06331715186996639,115.0,2.0,2.0
6,2026-06-08,1,active_moderate_intermittent,ADIDA2,76.0,76.0,2.0655374184731117,1.2771112113207357,0.3815789473684211,3.362513077206956,0.9042542476812067,0.793961484110811,0.7585929317038327,-0.06830030245151472,2695.0,2.0,2.0
6,2026-06-08,1,active_moderate_intermittent,MA4_proxy,76.0,76.0,2.0544405213842425,1.2961298076923078,0.39473684210526316,3.2458881578947367,0.9007115254998469,0.7857142857142857,0.7322820037105752,-0.07235621521335807,2695.0,1.0,3.0
6,2026-06-08,1,active_moderate_intermittent,Naive,76.0,76.0,2.5289682889511846,1.362676056338028,0.34210526315789475,3.633223684210526,1.097041670948698,1.0,0.8196660482374768,-0.08274582560296846,2695.0,5.0,4.0
6,2026-06-08,1,active_moderate_intermittent,SBA,76.0,76.0,2.118133433212397,1.2341429796839667,0.35526315789473684,3.3413306298541974,0.8511879878153257,0.8269860213060362,0.7538141087018004,-0.23291988905259084,2695.0,3.0,1.0
6,2026-06-08,1,active_moderate_intermittent,SES,76.0,76.0,2.4788156452864305,1.405730805216646,0.3815789473684211,3.4960977394769164,1.032107618474494,0.8495997648086688,0.7887300280526772,-0.0016591292022511874,2695.0,4.0,5.0
6,2026-06-08,2,highly_intermittent,ADIDA2,43.0,43.0,2.3528325943427117,1.4506578947368425,0.37209302325581395,0.5602300326132168,1.1860167131898212,1.0000000898598669,1.1336419483467448,-0.30473178246515725,170.0,1.0,1.0
6,2026-06-08,2,highly_intermittent,MA4_proxy,43.0,43.0,2.421530712230769,1.75,0.37209302325581395,0.5625,1.693761612783352,1.0,1.138235294117647,-0.23529411764705882,170.0,2.0,5.0
6,2026-06-08,2,highly_intermittent,Naive,43.0,43.0,2.6447517013059314,1.4506578947368425,0.4418604651162791,0.6337209302325582,2.0247398736529174,1.0,1.2823529411764707,0.12941176470588237,170.0,5.0,1.0
6,2026-06-08,2,highly_intermittent,SBA,43.0,43.0,2.431599012613623,1.5061169893463568,0.27906976744186046,0.5875458303838643,1.3390452588400574,1.0666666690629298,1.1889162685414667,-0.19925806258003304,170.0,3.0,3.0
6,2026-06-08,2,highly_intermittent,SES,43.0,43.0,2.5564027917623253,1.596625994355185,0.37209302325581395,0.6076532763646907,1.6727458795046453,1.0784740585241548,1.2296042768791386,-0.016246737472049702,170.0,4.0,4.0
