origin_index,cluster,model,n_sku_origins,n_valid_mase,mean_mase,median_mase,mase_lt_1_share,mean_mae,mean_sku_wape,median_sku_wape,aggregate_wape,aggregate_bias,actual_volume
1,0,ADIDA2,65.0,43.0,4.313777322031726,0.5091030958609454,0.627906976744186,0.8154840318476231,1.1429103772962963,1.0,1.0193550398095288,-0.8528151855694193,416.0
1,0,MA4_proxy,65.0,43.0,4.142046957671957,0.0,0.6976744186046512,0.7836538461538461,1.1312111801242237,1.0,0.9795673076923077,-0.7932692307692307,416.0
1,0,Naive,65.0,43.0,4.556746031746031,0.0,0.7209302325581395,0.823076923076923,1.065217391304348,1.0,1.0288461538461537,-0.9038461538461539,416.0
1,0,SES,65.0,43.0,4.357645907675104,0.5209180851171572,0.6046511627906976,0.8012827419448287,1.1206585689785071,1.0,1.001603427431036,-0.8177667580654777,416.0
1,0,Zero,65.0,43.0,3.954365079365079,0.0,0.7441860465116279,0.8,1.0,1.0,1.0,-1.0,416.0
1,1,ADIDA2,70.0,70.0,2.3040729904063846,1.2087611100947213,0.44285714285714284,2.2108920211083696,1.2535370077080388,0.6850510728132908,0.6575143557199612,0.0249378219428967,1883.0
1,1,MA4_proxy,70.0,70.0,2.29770456087563,1.2072866708598684,0.44285714285714284,2.213392857142857,1.4026100285900995,0.743421052631579,0.6582580987785449,0.06532129580456718,1883.0
1,1,Naive,70.0,70.0,2.2269631665763647,1.1030247326203209,0.44285714285714284,2.1517857142857144,1.0276256267382657,0.8411764705882353,0.6399362719065321,0.006903876792352629,1883.0
1,1,SES,70.0,70.0,2.185337476023774,1.1488340390834906,0.45714285714285713,2.1830001020729433,1.2225257630489554,0.6921945863962304,0.6492193612112842,0.020231816117145276,1883.0
1,1,Zero,70.0,70.0,2.8137862934245543,1.5073739996112416,0.44285714285714284,3.3625,1.0,1.0,1.0,-1.0,1883.0
1,2,ADIDA2,60.0,60.0,5.077095794597591,1.8498736534614606,0.3333333333333333,0.8056339508261432,2.092597022746257,1.074273046877718,1.1935317790016935,0.2543760042375491,324.0
1,2,MA4_proxy,60.0,60.0,4.318224268541202,1.4839895635673626,0.4166666666666667,0.6833333333333333,1.7684838923495547,1.0333333333333332,1.0123456790123457,0.09876543209876543,324.0
1,2,Naive,60.0,60.0,4.161490851318526,0.255952380952381,0.5833333333333334,0.6458333333333334,1.6019639321252224,1.0,0.9567901234567902,0.06172839506172839,324.0
1,2,SES,60.0,60.0,4.194398213017167,1.5002099109953346,0.38333333333333336,0.679797898329097,1.5995942321697842,1.0879446949575768,1.007107997524588,0.03410814700946583,324.0
1,2,Zero,60.0,60.0,3.887182414881872,0.17338709677419356,0.6166666666666667,0.675,1.0,1.0,1.0,-1.0,324.0
2,0,ADIDA2,49.0,43.0,12.980575887222043,0.4761511168651568,0.6511627906976745,0.46649885036475985,1.2571396085187907,1.0,1.1016117430300352,-0.7577164031457965,166.0
2,0,MA4_proxy,49.0,43.0,12.243342408022642,0.0,0.6744186046511628,0.4362244897959184,1.1447718253968255,1.0,1.0301204819277108,-0.7228915662650602,166.0
2,0,Naive,49.0,43.0,11.914784822197612,0.0,0.6976744186046512,0.4336734693877551,1.091765873015873,1.0,1.0240963855421688,-0.5662650602409639,166.0
2,0,SES,49.0,43.0,12.195230699386613,0.43776738784288083,0.6744186046511628,0.4522455804779739,1.2195898733751984,1.0,1.0679534189600348,-0.5286600757605319,166.0
2,0,Zero,49.0,43.0,12.333777070259629,0.0,0.6976744186046512,0.42346938775510207,1.0,1.0,1.0,-1.0,166.0
2,1,ADIDA2,82.0,82.0,3.3428511166868407,1.6131746965285751,0.3902439024390244,3.825760408618636,2.859748372441364,1.0672160858791924,1.0156612011549273,0.01539538844198724,2471.0
2,1,MA4_proxy,82.0,82.0,3.2259150176584006,1.371814954051796,0.43902439024390244,3.6623475609756095,2.7742743743737566,1.0,0.9722784297855119,0.028733306353702956,2471.0
2,1,Naive,82.0,82.0,2.972790294716934,0.8317426230812057,0.5365853658536586,3.260670731707317,2.7999751422198424,1.0,0.8656414407122622,0.04896802913800081,2471.0
2,1,SES,82.0,82.0,3.091805670576146,1.1680346557227543,0.47560975609756095,3.552809440133123,2.8193422625875093,0.9999999993416858,0.9431982973400764,-0.04015012789846937,2471.0
2,1,Zero,82.0,82.0,2.0738644842909997,0.48623002283105027,0.5609756097560976,3.7667682926829267,1.0,1.0,1.0,-1.0,2471.0
2,2,ADIDA2,64.0,64.0,4.002125762393622,1.2309101886745129,0.46875,0.7218507778501244,1.8626703988761768,1.1729930392773382,1.785447334585815,0.7504902024949165,207.0
2,2,MA4_proxy,64.0,64.0,3.920979226739137,0.8159722222222223,0.515625,0.6953125,1.6880171036421039,1.0,1.7198067632850242,0.7004830917874396,207.0
2,2,Naive,64.0,64.0,3.193749851477869,0.0,0.65625,0.548828125,1.5531079156079155,1.0,1.357487922705314,0.3526570048309179,207.0
2,2,SES,64.0,64.0,3.3794246093281646,0.8939759683828779,0.515625,0.5988464473479163,1.7742396179303794,1.027821553604272,1.4812047393339765,0.4667311647164526,207.0
2,2,Zero,64.0,64.0,2.5879267244838404,0.0,0.71875,0.404296875,1.0,1.0,1.0,-1.0,207.0
3,0,ADIDA2,9.0,8.0,16.528575072955377,15.517584616462326,0.125,0.6537695843478786,1.8999112150477309,1.1427595700103375,1.8828564029218904,0.7109208052013989,25.0
3,0,MA4_proxy,9.0,8.0,14.838950892857143,11.15625,0.125,0.5833333333333334,1.3857142857142857,1.0,1.68,0.44,25.0
3,0,Naive,9.0,8.0,14.67578125,3.71875,0.25,0.625,1.2857142857142858,1.0,1.8,0.6,25.0
3,0,SES,9.0,8.0,17.11404072539176,9.807613113529403,0.125,0.7172400505196435,1.6475914454245941,1.1353909358263017,2.0656513454965735,0.9974906112251252,25.0
3,0,Zero,9.0,8.0,8.30078125,3.71875,0.25,0.3472222222222222,1.0,1.0,1.0,-1.0,25.0
3,1,ADIDA2,52.0,52.0,4.071916410225998,2.523138139035163,0.19230769230769232,5.040234948288183,8.802629470031683,0.9801941673706316,1.1047090297617936,0.2644797439860422,1898.0
3,1,MA4_proxy,52.0,52.0,4.085478077028485,2.4826299536798766,0.17307692307692307,5.066105769230769,10.092461199258892,0.9846938775510203,1.1103793466807166,0.2992623814541623,1898.0
3,1,Naive,52.0,52.0,4.264425212999338,2.4725093984962405,0.21153846153846154,4.269230769230769,2.3787357848252086,1.0,0.9357218124341412,0.12118018967334036,1898.0
3,1,SES,52.0,52.0,4.0386530604880395,2.286385860342747,0.21153846153846154,4.521388672838468,4.759228406736354,0.9946488206703941,0.9909892981563765,0.2561085801755,1898.0
3,1,Zero,52.0,52.0,3.4075993814499927,2.2879293381037566,0.2692307692307692,4.5625,1.0,1.0,1.0,-1.0,1898.0
3,2,ADIDA2,39.0,39.0,5.238861082413933,3.477272727272727,0.05128205128205128,0.887296932970136,1.3372622240064302,1.0064122606396397,1.1534860128611768,-0.35126348248525247,240.0
3,2,MA4_proxy,39.0,39.0,5.163427353167195,3.7317073170731705,0.15384615384615385,0.875,1.3773916621572873,1.0,1.1375,-0.4,240.0
3,2,Naive,39.0,39.0,5.435286535651376,3.477272727272727,0.23076923076923078,0.9166666666666666,2.03488005050505,1.0,1.1916666666666667,-0.36666666666666664,240.0
3,2,SES,39.0,39.0,5.484398095286131,3.477272727272727,0.1282051282051282,0.9212377448925008,1.8829574388602142,1.0002803572939514,1.197609068360251,-0.2451270880167649,240.0
3,2,Zero,39.0,39.0,3.958820779185621,2.833333333333333,0.2564102564102564,0.7692307692307693,1.0,1.0,1.0,-1.0,240.0
4,0,ADIDA2,51.0,19.0,3.2515232808739714,1.041666660426398,0.3684210526315789,0.995457356301757,1.275125495819626,1.0,1.0308289374901443,-0.5872848140413419,394.0
4,0,MA4_proxy,51.0,19.0,3.2891034404192303,1.0863095238095237,0.3684210526315789,0.9485294117647058,1.2310390013495276,1.0,0.9822335025380711,-0.5380710659898477,394.0
4,0,Naive,51.0,19.0,3.075490573023468,1.130952380952381,0.47368421052631576,1.0343137254901962,1.624088888888889,1.0,1.0710659898477157,-0.4517766497461929,394.0
4,0,SES,51.0,19.0,3.261202114396298,1.0221777410529795,0.47368421052631576,1.012887085978475,1.611378820603079,1.0,1.0488779976629896,-0.33786489406158376,394.0
4,0,Zero,51.0,19.0,2.856192327409433,0.8333333333333334,0.631578947368421,0.9656862745098039,1.0,1.0,1.0,-1.0,394.0
4,1,ADIDA2,53.0,53.0,3.726711430724605,2.1045921600710438,0.22641509433962265,4.1496152864313745,4.027736692100871,0.9918123658283554,0.852440349538228,0.01310801196232987,2064.0
4,1,MA4_proxy,53.0,53.0,3.603226848897506,2.104591836734694,0.24528301886792453,4.121546495956873,3.370386193307256,1.0,0.8466742801771872,0.08432539682539682,2064.0
4,1,Naive,53.0,53.0,3.5515313626607465,1.674222797927461,0.33962264150943394,4.278301886792453,1.4401538630539241,1.0,0.8788759689922481,0.14728682170542637,2064.0
4,1,SES,53.0,53.0,3.512245990653216,1.7834905554260625,0.2641509433962264,4.116678681344161,1.5306303097814413,1.0,0.8456743027567462,0.1427460027805783,2064.0
4,1,Zero,53.0,53.0,3.6137859588102295,2.019230769230769,0.32075471698113206,4.867924528301887,1.0,1.0,1.0,-1.0,2064.0
4,2,ADIDA2,43.0,43.0,5.056883023206007,3.825616616859836,0.06976744186046512,1.0756893389292554,1.9771685502163665,1.133777495787808,1.8409807591625067,0.28998068704342883,201.0
4,2,MA4_proxy,43.0,43.0,4.540827128029673,3.4375,0.11627906976744186,0.9752906976744186,1.6659488038003665,1.0,1.6691542288557213,0.20398009950248755,201.0
4,2,Naive,43.0,43.0,3.8933228586989457,2.0,0.3953488372093023,0.8343023255813954,1.303691620879121,1.0,1.427860696517413,0.07462686567164178,201.0
4,2,SES,43.0,43.0,4.710987440682098,2.9513646381711873,0.11627906976744186,0.999664111265438,1.8508821262542157,1.1231174257011172,1.7108679317179634,0.3387767487297463,201.0
4,2,Zero,43.0,43.0,2.951802283194874,1.3095238095238095,0.4883720930232558,0.5843023255813954,1.0,1.0,1.0,-1.0,201.0
5,0,ADIDA2,35.0,13.0,7.523261044742469,4.526785596077198,0.23076923076923078,1.0724254463973417,1.9516082614843284,1.0000000000000027,1.3837747695449572,-0.24195166533539442,217.0
5,0,MA4_proxy,35.0,13.0,7.054487179487179,3.25,0.23076923076923078,0.9678571428571429,1.7028011204481794,1.0,1.2488479262672811,-0.3640552995391705,217.0
5,0,Naive,35.0,13.0,6.498351648351648,2.4375,0.23076923076923078,0.9392857142857143,1.4414565826330534,1.0,1.2119815668202765,-0.1152073732718894,217.0
5,0,SES,35.0,13.0,6.7650091762349875,2.6305322167789877,0.23076923076923078,0.9240655927272329,1.529791964117413,1.000000308839258,1.1923427002932037,-0.32675906834323587,217.0
5,0,Zero,35.0,13.0,6.216208791208792,2.228571428571428,0.38461538461538464,0.775,1.0,1.0,1.0,-1.0,217.0
5,1,ADIDA2,78.0,78.0,3.450126099720355,1.6249999999999991,0.2692307692307692,4.007186484661205,1.492255451261385,0.99999999001557,0.9119199002292459,-0.16313136096179803,2742.0
5,1,MA4_proxy,78.0,78.0,3.205190061802568,1.4612202380952382,0.358974358974359,3.8569711538461537,1.385858203765733,1.0,0.8777352297592997,-0.1601021152443472,2742.0
5,1,Naive,78.0,78.0,3.198236284076257,1.4704106280193237,0.3717948717948718,4.233974358974359,1.3988601832272896,1.0,0.9635302698760029,0.09117432530999271,2742.0
5,1,SES,78.0,78.0,3.358109086628079,1.3873907600097635,0.38461538461538464,4.2322866507797885,1.3661554206178976,1.0,0.9631461962387265,0.048776901713514995,2742.0
5,1,Zero,78.0,78.0,3.034743665044862,1.504598662207358,0.3717948717948718,4.394230769230769,1.0,1.0,1.0,-1.0,2742.0
5,2,ADIDA2,34.0,34.0,2.6201650669859773,1.6664242754850829,0.20588235294117646,0.5865300240301542,1.7312660630277967,1.1344879921653135,1.3872710133582777,0.12003546951128732,115.0
5,2,MA4_proxy,34.0,34.0,2.24594942586211,1.6167417417417416,0.38235294117647056,0.5073529411764706,1.5739387926887927,1.0,1.2,-0.043478260869565216,115.0
5,2,Naive,34.0,34.0,1.7957895360514846,0.921875,0.5294117647058824,0.4742647058823529,1.3947811447811451,1.0,1.1217391304347826,-0.3739130434782609,115.0
5,2,SES,34.0,34.0,2.168571533883192,1.5244404931919044,0.23529411764705882,0.5025698947577513,1.5269076999609361,1.2001071911066878,1.1886870554270292,-0.06331715186996636,115.0
5,2,Zero,34.0,34.0,1.7254403862905703,0.8522222222222222,0.5882352941176471,0.4227941176470588,1.0,1.0,1.0,-1.0,115.0
6,0,ADIDA2,28.0,12.0,5.826920647318855,3.035184479911248,0.16666666666666666,1.3042530929126994,1.0129386245359995,1.0,0.9937166422191996,-0.657765822639866,294.0
6,0,MA4_proxy,28.0,12.0,5.558874198717949,3.261057692307692,0.16666666666666666,1.2700892857142858,0.9985716519253105,1.0,0.967687074829932,-0.6802721088435374,294.0
6,0,Naive,28.0,12.0,6.88261217948718,4.59375,0.08333333333333333,1.5803571428571428,1.3212945590994372,1.0,1.2040816326530612,-0.5374149659863946,294.0
6,0,SES,28.0,12.0,6.784075545169933,4.458005066735504,0.08333333333333333,1.558600657395456,1.3449697199676633,1.0,1.1875052627774905,-0.5398956167022997,294.0
6,0,Zero,28.0,12.0,6.2741987179487175,3.28125,0.16666666666666666,1.3125,1.0,1.0,1.0,-1.0,294.0
6,1,ADIDA2,76.0,76.0,2.0655374184731117,1.2771112113207357,0.3815789473684211,3.362513077206956,0.9042542476812067,0.793961484110811,0.7585929317038327,-0.0683003024515147,2695.0
6,1,MA4_proxy,76.0,76.0,2.0544405213842425,1.2961298076923078,0.39473684210526316,3.2458881578947367,0.9007115254998469,0.7857142857142857,0.7322820037105752,-0.07235621521335807,2695.0
6,1,Naive,76.0,76.0,2.5289682889511846,1.362676056338028,0.34210526315789475,3.633223684210526,1.0970416709486983,1.0,0.8196660482374768,-0.08274582560296846,2695.0
6,1,SES,76.0,76.0,2.47881564528643,1.405730805216646,0.3815789473684211,3.4960977394769164,1.032107618474494,0.8495997648086688,0.7887300280526772,-0.001659129202251177,2695.0
6,1,Zero,76.0,76.0,2.3477934836835868,1.747265625,0.27631578947368424,4.432565789473684,1.0,1.0,1.0,-1.0,2695.0
6,2,ADIDA2,43.0,43.0,2.3528325943427117,1.4506578947368423,0.37209302325581395,0.5602300326132169,1.1860167131898214,1.0000000898598669,1.1336419483467448,-0.30473178246515725,170.0
6,2,MA4_proxy,43.0,43.0,2.421530712230769,1.75,0.37209302325581395,0.5625,1.693761612783352,1.0,1.138235294117647,-0.23529411764705882,170.0
6,2,Naive,43.0,43.0,2.6447517013059314,1.4506578947368423,0.4418604651162791,0.6337209302325582,2.0247398736529174,1.0,1.2823529411764707,0.12941176470588237,170.0
6,2,SES,43.0,43.0,2.5564027917623253,1.596625994355185,0.37209302325581395,0.6076532763646907,1.6727458795046453,1.0784740585241548,1.2296042768791389,-0.01624673747204969,170.0
6,2,Zero,43.0,43.0,1.9219888721275586,0.47727272727272724,0.5348837209302325,0.4941860465116279,1.0,1.0,1.0,-1.0,170.0
