feature_set,n_features,k,n_skus,valid,error,silhouette,calinski_harabasz,min_cluster_size,max_cluster_size,cluster_sizes,stability_ari_mean,stability_ari_median,stability_ari_p10,stability_ari_p90,cluster_jaccard_medians,pareto
ADI+CV2,2,2,130,True,,0.3716146174375172,93.67874109317005,47,83,1:47;2:83,0.4822933144593843,0.4482064415982435,0.2405901732965157,0.7793827073191952,"{""1"": 0.7518115942028986, ""2"": 0.6896551724137931}",False
ADI+CV2,2,3,130,True,,0.306056274202903,82.96987167694994,21,62,1:47;2:62;3:21,0.3788093433140042,0.3377341159753179,0.22883562119693637,0.6192018839074755,"{""1"": 0.56125, ""2"": 0.5089314194577352, ""3"": 0.38095238095238093}",False
ADI+CV2,2,4,130,True,,0.3323932888172232,92.69973546721113,12,62,1:35;2:12;3:62;4:21,0.48730499986727877,0.46889403169679306,0.350160602918954,0.6636203446592278,"{""1"": 0.5714285714285714, ""2"": 0.5777777777777777, ""3"": 1.0, ""4"": 0.6923076923076923}",False
ADI+CV2,2,5,130,True,,0.3746374633041959,115.13596808315293,12,38,1:35;2:12;3:38;4:21;5:24,0.5897681998992937,0.5560370470971381,0.45600693712573015,0.767178218776328,"{""1"": 0.6666666666666666, ""2"": 0.43902439024390244, ""3"": 1.0, ""4"": 0.9, ""5"": 0.6896551724137931}",False
ADI+CV2,2,6,130,True,,0.35293730544994695,110.20743802112327,12,38,1:15;2:20;3:12;4:38;5:21;6:24,0.5690316741457563,0.5512539571855429,0.439445460124557,0.7123055955485066,"{""1"": 0.41935483870967744, ""2"": 0.7142857142857143, ""3"": 1.0, ""4"": 0.9090909090909091, ""5"": 0.2608695652173913, ""6"": 0.5577777777777778}",False
ADI+CV2+mean_sales,3,2,130,True,,0.4241511777135577,141.06571717180054,60,70,1:70;2:60,0.5894966996283474,0.5296055552682246,0.37286729382167566,0.927595055075234,"{""1"": 0.75, ""2"": 0.7692307692307693}",False
ADI+CV2+mean_sales,3,3,130,True,,0.3574267391648387,110.45910696150023,33,60,1:33;2:37;3:60,0.5745935148774182,0.5051730632922498,0.3874299908180582,0.8884419595346454,"{""1"": 0.74, ""2"": 0.4186046511627907, ""3"": 0.7027027027027027}",False
ADI+CV2+mean_sales,3,4,130,True,,0.31808085429817007,100.90593506210736,23,37,1:33;2:37;3:37;4:23,0.5521813025815593,0.5035123707022886,0.40880826162245476,0.8546119444694733,"{""1"": 0.45161290322580644, ""2"": 0.3442010950721752, ""3"": 0.9, ""4"": 0.5277777777777778}",False
ADI+CV2+mean_sales,3,5,130,True,,0.3304217442999086,101.76822620623349,8,37,1:33;2:8;3:29;4:37;5:23,0.6530365618658837,0.6328004585008092,0.5383072857958703,0.8130318799408207,"{""1"": 0.5517241379310345, ""2"": 0.4473684210526316, ""3"": 0.9047379032258065, ""4"": 0.95, ""5"": 0.4166666666666667}",False
ADI+CV2+mean_sales,3,6,130,True,,0.3517948702113372,107.62850069855352,8,33,1:33;2:8;3:29;4:14;5:23;6:23,0.7274207491927945,0.7362716321605982,0.5672031798588711,0.8737698899529598,"{""1"": 0.5833333333333334, ""2"": 0.875, ""3"": 0.88, ""4"": 0.95, ""5"": 0.45454545454545453, ""6"": 0.6449579831932774}",False
ADI+CV2+std_sales,3,2,130,True,,0.41961362450035866,136.59829995753776,60,70,1:70;2:60,0.7504756535939068,0.8151509277942245,0.4224739575685173,1.0,"{""1"": 0.9090909090909091, ""2"": 0.9074074074074074}",True
ADI+CV2+std_sales,3,3,130,True,,0.31123113934250773,96.61784936805086,25,60,1:45;2:25;3:60,0.5966076791820561,0.587240931718509,0.35760382184087175,0.9034081883160612,"{""1"": 0.8237577639751552, ""2"": 0.4673758865248227, ""3"": 0.48749218261413385}",False
ADI+CV2+std_sales,3,4,130,True,,0.2673436363887921,86.4559548513558,24,45,1:45;2:25;3:36;4:24,0.5274750808969657,0.4639145488781596,0.31504885280203276,0.8438056950810725,"{""1"": 0.4888888888888889, ""2"": 0.5957446808510638, ""3"": 0.5263157894736842, ""4"": 0.5645833333333333}",False
ADI+CV2+std_sales,3,5,130,True,,0.25421494889350343,81.58606103962774,22,36,1:22;2:25;3:23;4:36;5:24,0.6386611872961216,0.6330068588744384,0.46493177889307014,0.8332347042249179,"{""1"": 0.6141439205955335, ""2"": 0.5201288244766505, ""3"": 0.5339366515837104, ""4"": 0.9473684210526315, ""5"": 0.6348484848484848}",False
ADI+CV2+std_sales,3,6,130,True,,0.2935117006811462,83.9530308696676,16,25,1:22;2:25;3:20;4:23;5:16;6:24,0.6856601964833181,0.6779272602416664,0.5520202250952638,0.8412571132279373,"{""1"": 0.5400641025641025, ""2"": 0.6306042884990253, ""3"": 0.8235294117647058, ""4"": 0.95, ""5"": 0.6551724137931034, ""6"": 0.8235294117647058}",False
ADI+CV2+nonzero_mean,3,2,130,True,,0.3703853701060828,104.65181201900721,60,70,1:70;2:60,0.7379926003683218,0.7804243107512555,0.4225805049758811,1.0,"{""1"": 0.8947368421052632, ""2"": 0.8846153846153846}",False
ADI+CV2+nonzero_mean,3,3,130,True,,0.31631673647851116,75.45171292712078,21,60,1:49;2:21;3:60,0.5998358295570719,0.5912296779600068,0.3751318765861056,0.8762534697440023,"{""1"": 0.8645104895104896, ""2"": 0.5714285714285714, ""3"": 0.4318181818181818}",False
ADI+CV2+nonzero_mean,3,4,130,True,,0.2693217194994011,68.18181118650327,21,49,1:49;2:21;3:32;4:28,0.5584261774471193,0.5392529676263247,0.3837634348306988,0.8158103399645705,"{""1"": 0.5641025641025641, ""2"": 0.6950483091787439, ""3"": 0.53125, ""4"": 0.7}",False
ADI+CV2+nonzero_mean,3,5,130,True,,0.26803833242405906,68.5531990987814,21,32,1:23;2:26;3:21;4:32;5:28,0.6568969700028844,0.6569287286843901,0.4716014363972738,0.8342848583329491,"{""1"": 0.7692307692307693, ""2"": 0.7931034482758621, ""3"": 0.6594202898550725, ""4"": 0.75, ""5"": 0.6486676016830295}",False
ADI+CV2+nonzero_mean,3,6,130,True,,0.28622861770715224,67.77822259403393,12,28,1:23;2:26;3:20;4:21;5:12;6:28,0.6548971571794573,0.653645176773229,0.5201722824213921,0.8004932859419011,"{""1"": 0.5555555555555556, ""2"": 0.8237577639751552, ""3"": 0.6923076923076923, ""4"": 0.7692307692307693, ""5"": 0.7037037037037037, ""6"": 0.5454545454545454}",False
ADI+CV2+acf1,3,2,130,True,,0.2742464722757614,54.39946043948862,51,79,1:79;2:51,0.39942076699234746,0.32562338607382457,0.13910930378154412,0.8148001416252673,"{""1"": 0.6716417910447762, ""2"": 0.6206896551724138}",False
ADI+CV2+acf1,3,3,130,True,,0.22990479629187457,49.29929133808748,31,51,1:48;2:51;3:31,0.5982644456015753,0.6009057963580997,0.34475618547010983,0.8607420535379282,"{""1"": 0.7429193899782135, ""2"": 0.7906976744186046, ""3"": 0.6296296296296297}",False
ADI+CV2+acf1,3,4,130,True,,0.2607194484201312,52.22483964739216,16,51,1:32;2:16;3:51;4:31,0.6379167945869446,0.6326955010452804,0.42813781955426705,0.8538722449526532,"{""1"": 0.7927847346451997, ""2"": 0.7941176470588235, ""3"": 0.68, ""4"": 0.6150793650793651}",False
ADI+CV2+acf1,3,5,130,True,,0.26140226946407163,53.64846568739924,16,35,1:32;2:16;3:16;4:31;5:35,0.6435012444410448,0.6312590777064088,0.4912694708137459,0.8178093991272486,"{""1"": 0.7257053291536051, ""2"": 0.7575757575757576, ""3"": 0.68, ""4"": 0.7947368421052632, ""5"": 0.3888888888888889}",False
ADI+CV2+acf1,3,6,130,True,,0.2792976201037194,52.88038497134824,14,32,1:32;2:16;3:16;4:21;5:31;6:14,0.6147533290638868,0.6058504057968823,0.45069705639257907,0.7953012921326357,"{""1"": 0.6666666666666666, ""2"": 0.6923076923076923, ""3"": 0.543560606060606, ""4"": 0.8181818181818182, ""5"": 0.4, ""6"": 0.5857843137254902}",False
ADI+CV2+mean_sales+std_sales,4,2,130,True,,0.46546115477116773,171.62921700429757,59,71,1:59;2:71,0.7633791320944849,0.7464861583624649,0.5878057931140633,0.9615375498116576,"{""1"": 0.8888888888888888, ""2"": 0.8640215716486903}",True
ADI+CV2+mean_sales+std_sales,4,3,130,True,,0.2902343875023874,112.78806296919892,31,59,1:59;2:31;3:40,0.6002260582749118,0.529430713279745,0.42975657230431347,0.8346913325159525,"{""1"": 0.7391304347826086, ""2"": 0.7071078431372549, ""3"": 0.3157894736842105}",False
ADI+CV2+mean_sales+std_sales,4,4,130,True,,0.24062278730933895,96.93613178692401,18,41,1:18;2:41;3:31;4:40,0.5004834096756243,0.48746076159543034,0.37614539759206106,0.6435174823255224,"{""1"": 0.42857142857142855, ""2"": 0.75, ""3"": 0.514162077104642, ""4"": 0.3230550284629981}",False
ADI+CV2+mean_sales+std_sales,4,5,130,True,,0.26718605098269516,92.7179037795368,16,40,1:25;2:18;3:31;4:16;5:40,0.5098887174021048,0.4934837992058049,0.398855673070282,0.6373087885414139,"{""1"": 0.59375, ""2"": 0.2631578947368421, ""3"": 0.5521778584392014, ""4"": 0.5714285714285714, ""5"": 0.5}",False
ADI+CV2+mean_sales+std_sales,4,6,130,True,,0.29835050459884405,96.74912903216047,12,31,1:25;2:18;3:31;4:16;5:12;6:28,0.5855088914043861,0.5728401584272935,0.45903821652443505,0.7223498855060702,"{""1"": 0.4037037037037037, ""2"": 0.5862068965517241, ""3"": 0.6153846153846154, ""4"": 0.8260869565217391, ""5"": 0.5384615384615384, ""6"": 0.625}",False
ADI+CV2+mean_sales+acf1,4,2,130,True,,0.35584947293923364,94.50087878274302,63,67,1:63;2:67,0.7191420886523836,0.7132737929522118,0.5295603102003906,0.8868555344316498,"{""1"": 0.8683884936591402, ""2"": 0.8545454545454545}",False
ADI+CV2+mean_sales+acf1,4,3,130,True,,0.2945029708641547,73.43341331364395,31,63,1:63;2:36;3:31,0.6092082663615872,0.6456130362922625,0.3363243969845159,0.8592052933919596,"{""1"": 0.824045407636739, ""2"": 0.6976744186046512, ""3"": 0.6478537360890302}",False
ADI+CV2+mean_sales+acf1,4,4,130,True,,0.2775160490217361,71.9569754253503,31,36,1:31;2:32;3:36;4:31,0.6317286470495468,0.6438782611675185,0.4439682295143904,0.8106727233162337,"{""1"": 0.6478537360890302, ""2"": 0.7236111111111111, ""3"": 0.7142857142857143, ""4"": 0.8571428571428571}",False
ADI+CV2+mean_sales+acf1,4,5,130,True,,0.2547230882641508,64.2156422436525,14,36,1:31;2:14;3:18;4:36;5:31,0.634621573900962,0.6394650586458714,0.5012529776007435,0.7751834467218355,"{""1"": 0.6, ""2"": 0.8620689655172413, ""3"": 0.7333333333333333, ""4"": 0.75, ""5"": 0.3125}",False
ADI+CV2+mean_sales+acf1,4,6,130,True,,0.24205323697988357,58.90902630761443,6,31,1:31;2:14;3:18;4:30;5:31;6:6,0.5920130604311649,0.5892871691981525,0.46198106587730525,0.713745928020025,"{""1"": 0.42424242424242425, ""2"": 0.8304597701149425, ""3"": 0.7013513513513514, ""4"": 0.7817460317460317, ""5"": 0.3675438596491228, ""6"": 0.2857142857142857}",False
ADI+CV2+std_sales+nonzero_mean,4,2,130,True,,0.40075237199831887,127.26434013633981,61,69,1:69;2:61,0.7619291106271284,0.8151759788503334,0.44773126753917636,0.9615364556824346,"{""1"": 0.9193548387096774, ""2"": 0.9107142857142857}",True
ADI+CV2+std_sales+nonzero_mean,4,3,130,True,,0.28976577042320195,102.18172086456445,27,61,1:27;2:42;3:61,0.7561149611345674,0.7993123708256342,0.5015419057999826,0.9373059392748184,"{""1"": 0.9191836734693878, ""2"": 0.8571428571428571, ""3"": 0.6923076923076923}",False
ADI+CV2+std_sales+nonzero_mean,4,4,130,True,,0.27114598992468963,89.32048598571211,26,42,1:27;2:42;3:26;4:35,0.6380307775162102,0.6337149584958355,0.3979837286077926,0.8841814291143878,"{""1"": 0.8157894736842105, ""2"": 0.5263157894736842, ""3"": 0.7037037037037037, ""4"": 0.6988372093023256}",False
ADI+CV2+std_sales+nonzero_mean,4,5,130,True,,0.2803964008999647,85.76095171195364,21,35,1:21;2:27;3:21;4:26;5:35,0.6686243950599084,0.6648695308619565,0.4732938248825456,0.8683443688990271,"{""1"": 0.6545092838196287, ""2"": 0.75, ""3"": 0.7083333333333334, ""4"": 0.8064516129032258, ""5"": 0.7777777777777778}",False
ADI+CV2+std_sales+nonzero_mean,4,6,130,True,,0.27063415455315926,79.65820969611927,12,35,1:21;2:27;3:14;4:21;5:12;6:35,0.6684512549268155,0.6645041248048645,0.5284874381974369,0.8168472037504126,"{""1"": 0.631578947368421, ""2"": 0.7666666666666667, ""3"": 0.72, ""4"": 0.9, ""5"": 0.8260869565217391, ""6"": 0.5192592592592593}",False
ADI+CV2+std_sales+acf1,4,2,130,True,,0.3124277857255684,76.50200268451688,59,71,1:59;2:71,0.677743300431093,0.6807394573286071,0.44773065148770924,0.9615272496601621,"{""1"": 0.8571428571428571, ""2"": 0.82}",False
ADI+CV2+std_sales+acf1,4,3,130,True,,0.25336337748311916,62.25699750648057,33,59,1:59;2:38;3:33,0.6164628967329543,0.6370668074284518,0.3614867606920861,0.8504454202849883,"{""1"": 0.8218253968253968, ""2"": 0.7027027027027027, ""3"": 0.6428571428571429}",False
ADI+CV2+std_sales+acf1,4,4,130,True,,0.22780050835618695,56.908305234791236,20,39,1:20;2:39;3:38;4:33,0.5452397995961924,0.5335015304413531,0.3354112461304389,0.7717454865155149,"{""1"": 0.4, ""2"": 0.7222222222222222, ""3"": 0.6711711711711712, ""4"": 0.6296296296296297}",False
ADI+CV2+std_sales+acf1,4,5,130,True,,0.24346659260865425,54.882926104358916,15,38,1:24;2:20;3:15;4:38;5:33,0.5746192744389886,0.5534677226821906,0.4146086146512684,0.7738560828176232,"{""1"": 0.5806451612903226, ""2"": 0.38585607940446653, ""3"": 0.6785714285714286, ""4"": 0.6818181818181818, ""5"": 0.8}",False
ADI+CV2+std_sales+acf1,4,6,130,True,,0.22495083506792868,54.12148490895208,15,33,1:24;2:20;3:15;4:18;5:33;6:20,0.5738651552159206,0.5673466649810464,0.45107441790663183,0.7186960124631796,"{""1"": 0.5757575757575758, ""2"": 0.4827586206896552, ""3"": 0.7272727272727273, ""4"": 0.7142857142857143, ""5"": 0.8125, ""6"": 0.46291208791208793}",False
ADI+CV2+nonzero_mean+acf1,4,2,130,True,,0.31675124300088164,76.73529039464684,63,67,1:63;2:67,0.5491084413165992,0.5018942655384551,0.34959010718152866,0.8151736080611361,"{""1"": 0.7596296296296297, ""2"": 0.7611940298507462}",False
ADI+CV2+nonzero_mean+acf1,4,3,130,True,,0.2661228592300151,60.19172852272342,21,63,1:63;2:46;3:21,0.557965001190083,0.5560435997869726,0.32434340764610065,0.8164401243490437,"{""1"": 0.74, ""2"": 0.7674418604651163, ""3"": 0.4759725400457666}",False
ADI+CV2+nonzero_mean+acf1,4,4,130,True,,0.2270678207969875,53.02295913328601,21,46,1:29;2:34;3:46;4:21,0.5244769197214696,0.5101282720401981,0.3623325321537364,0.7129384845519388,"{""1"": 0.46875, ""2"": 0.7567567567567568, ""3"": 0.52, ""4"": 0.5428571428571428}",False
ADI+CV2+nonzero_mean+acf1,4,5,130,True,,0.22557503235077633,49.179914538719906,9,46,1:29;2:25;3:9;4:46;5:21,0.49622654231870855,0.4685216585714662,0.36195004598898656,0.6805432007555962,"{""1"": 0.5865384615384616, ""2"": 0.5714285714285714, ""3"": 0.5345238095238095, ""4"": 0.4127789046653144, ""5"": 0.6666666666666666}",False
ADI+CV2+nonzero_mean+acf1,4,6,130,True,,0.22473863294001706,49.15251592193824,9,36,1:29;2:25;3:9;4:36;5:10;6:21,0.4914896339048301,0.46845919091300714,0.35159035859206006,0.6685907517536455,"{""1"": 0.5303308823529411, ""2"": 0.5806451612903226, ""3"": 0.5590277777777778, ""4"": 0.4791304347826087, ""5"": 0.6923076923076923, ""6"": 0.5}",False
ADI+CV2+mean_sales+std_sales+acf1,5,2,130,True,,0.3697875613146125,107.1896641016558,56,74,1:74;2:56,0.5762355193594498,0.5873364471572284,0.2819512064327439,0.8868566703320643,"{""1"": 0.7966101694915254, ""2"": 0.7838235294117647}",False
ADI+CV2+mean_sales+std_sales+acf1,5,3,130,True,,0.2430859141018904,79.33503579471463,35,56,1:39;2:35;3:56,0.5392239280797153,0.4820352280403879,0.37611442036722376,0.7856198790465462,"{""1"": 0.6538461538461539, ""2"": 0.7360681114551084, ""3"": 0.38731884057971017}",False
ADI+CV2+mean_sales+std_sales+acf1,5,4,130,True,,0.21694282885223237,68.28612145822396,22,39,1:39;2:35;3:34;4:22,0.5027754503064591,0.49627426800957064,0.3628727622922449,0.643647890784051,"{""1"": 0.7272727272727273, ""2"": 0.48863049095607236, ""3"": 0.4864864864864865, ""4"": 0.5483870967741935}",False
ADI+CV2+mean_sales+std_sales+acf1,5,5,130,True,,0.2395464901326467,66.47984298417954,9,35,1:30;2:35;3:9;4:34;5:22,0.5599990234688584,0.5480543757354321,0.43383304738661843,0.6966251603324578,"{""1"": 0.4821200510855683, ""2"": 0.6666666666666666, ""3"": 0.47987117552334946, ""4"": 0.896551724137931, ""5"": 0.5419580419580419}",False
ADI+CV2+mean_sales+std_sales+acf1,5,6,130,True,,0.22222266093140114,62.27116929306526,9,35,1:30;2:35;3:9;4:15;5:22;6:19,0.5833876600496396,0.5805070165532151,0.44468157154305465,0.7212464125233223,"{""1"": 0.47685185185185186, ""2"": 0.7777777777777778, ""3"": 0.5882352941176471, ""4"": 0.896551724137931, ""5"": 0.6363636363636364, ""6"": 0.4090909090909091}",False
ADI+CV2+std_sales+nonzero_mean+acf1,5,2,130,True,,0.3419014514077047,83.48073412049203,41,89,1:41;2:89,0.48458411418101116,0.4747146932952924,0.11907820530208008,0.8492672235921859,"{""1"": 0.7739906103286385, ""2"": 0.6666666666666666}",False
ADI+CV2+std_sales+nonzero_mean+acf1,5,3,130,True,,0.23563048361336647,65.46719966670402,17,72,1:41;2:72;3:17,0.3784756859157171,0.34452424863000486,0.21207317053635422,0.5897448456703653,"{""1"": 0.4482758620689655, ""2"": 0.7228132387706856, ""3"": 0.3783783783783784}",False
ADI+CV2+std_sales+nonzero_mean+acf1,5,4,130,True,,0.24667153362803682,60.390248740303065,17,41,1:41;2:37;3:35;4:17,0.4402883687199502,0.4193603828310847,0.2614851343617914,0.6474895575421714,"{""1"": 0.6842105263157895, ""2"": 0.38348416289592757, ""3"": 0.4, ""4"": 0.5313725490196078}",False
ADI+CV2+std_sales+nonzero_mean+acf1,5,5,130,True,,0.2388339253986726,57.47521049100097,15,37,1:26;2:37;3:15;4:35;5:17,0.46622466880066815,0.4517404009393782,0.3336718887597178,0.6048956729227039,"{""1"": 0.4775, ""2"": 0.5543735224586288, ""3"": 0.4482758620689655, ""4"": 0.5833333333333334, ""5"": 0.732051282051282}",False
ADI+CV2+std_sales+nonzero_mean+acf1,5,6,130,True,,0.2221782955774244,56.762729543431824,15,35,1:26;2:15;3:22;4:15;5:35;6:17,0.5413822110320332,0.5356510896302902,0.418896938584561,0.6773526295372332,"{""1"": 0.5454545454545454, ""2"": 0.6, ""3"": 0.625, ""4"": 0.5156402737047898, ""5"": 0.7593103448275862, ""6"": 0.5313725490196078}",False
